model,dataset,condition,layer,rel_l2,cos_dist
llama,squad,noise_1_character,0,0.050130547154694796,0.032437297347933054
llama,squad,noise_1_character,1,0.04608503075316548,0.02732318587601185
llama,squad,noise_1_character,2,0.04726400991901755,0.027910201754420997
llama,squad,noise_1_character,3,0.04657940413802862,0.027202040003612638
llama,squad,noise_1_character,4,0.04648691004142165,0.026557705607265236
llama,squad,noise_1_character,5,0.0463650825433433,0.02596227019093931
llama,squad,noise_1_character,6,0.046176750157028434,0.02525563331320882
llama,squad,noise_1_character,7,0.046386423129588364,0.02475445413030684
llama,squad,noise_1_character,8,0.04654968269169331,0.024732198901474475
llama,squad,noise_1_character,9,0.04654184721410275,0.024179126182571054
llama,squad,noise_1_character,10,0.0457105578482151,0.023169527081772685
llama,squad,noise_1_character,11,0.045192553997039794,0.023360817981883882
llama,squad,noise_1_character,12,0.04574042536318302,0.023642884669825434
llama,squad,noise_1_character,13,0.044471081737428905,0.022552628684788942
llama,squad,noise_1_character,14,0.043819746859371664,0.022169626420363783
llama,squad,noise_1_character,15,0.04419023768976331,0.02288284830749035
llama,squad,noise_1_character,16,0.04354286912828684,0.02272916065528989
llama,squad,noise_1_character,17,0.042813784908503294,0.022108848914504053
llama,squad,noise_1_character,18,0.04278401546180248,0.022530149249359966
llama,squad,noise_1_character,19,0.042563397269696,0.022313001593574883
llama,squad,noise_1_character,20,0.04267424363642931,0.022309907665476202
llama,squad,noise_1_character,21,0.04303499560803175,0.022755177905783058
llama,squad,noise_1_character,22,0.04245894160121679,0.022171199889853596
llama,squad,noise_1_character,23,0.04221617728471756,0.02185023292899132
llama,squad,noise_1_character,24,0.04168643351644277,0.021159863732755184
llama,squad,noise_1_character,25,0.041714036222547296,0.02081123076379299
llama,squad,noise_1_character,26,0.04194355977699161,0.02051794041879475
llama,squad,noise_1_character,27,0.041319419778883454,0.01933554264716804
llama,squad,noise_1_character,28,0.041893520932644604,0.01964103626087308
llama,squad,noise_1_character,29,0.041973778922110794,0.019337411671876907
llama,squad,noise_1_character,30,0.04291986290365458,0.01983500654809177
llama,squad,noise_1_character,31,0.043894661031663416,0.02049699549563229
llama,squad,noise_1_character,32,0.04561410967260599,0.023039064640179276
llama,squad,noise_2_word_dropout,0,0.051466097235679624,0.03392861153930426
llama,squad,noise_2_word_dropout,1,0.04936263917945325,0.02867925045080483
llama,squad,noise_2_word_dropout,2,0.048163844011723994,0.029022594373673202
llama,squad,noise_2_word_dropout,3,0.047408588044345376,0.02824639244005084
llama,squad,noise_2_word_dropout,4,0.04661775076761842,0.026918151611462236
llama,squad,noise_2_word_dropout,5,0.04641020867973566,0.025932418704032897
llama,squad,noise_2_word_dropout,6,0.04657609911635518,0.025160388620570302
llama,squad,noise_2_word_dropout,7,0.04650391571223736,0.024368882356211544
llama,squad,noise_2_word_dropout,8,0.0470460513420403,0.024363706149160863
llama,squad,noise_2_word_dropout,9,0.04638794839382172,0.023555760383605958
llama,squad,noise_2_word_dropout,10,0.04527791364118457,0.02230392481200397
llama,squad,noise_2_word_dropout,11,0.04538409166038036,0.022374117104336618
llama,squad,noise_2_word_dropout,12,0.046031245477497575,0.022619492635130883
llama,squad,noise_2_word_dropout,13,0.045508801247924564,0.021820045514032244
llama,squad,noise_2_word_dropout,14,0.044620873685926196,0.021463315207511185
llama,squad,noise_2_word_dropout,15,0.04561719201505184,0.022523260219022633
llama,squad,noise_2_word_dropout,16,0.04525839475914836,0.022681715115904808
llama,squad,noise_2_word_dropout,17,0.04496650017797947,0.022552850814536216
llama,squad,noise_2_word_dropout,18,0.04502474918961525,0.022663122760131955
llama,squad,noise_2_word_dropout,19,0.044694736301898956,0.022261183122172953
llama,squad,noise_2_word_dropout,20,0.044197044316679236,0.0219915369246155
llama,squad,noise_2_word_dropout,21,0.04472414230927825,0.02259719295427203
llama,squad,noise_2_word_dropout,22,0.04394711151719093,0.021707125324755907
llama,squad,noise_2_word_dropout,23,0.043527590073645116,0.02110847515054047
llama,squad,noise_2_word_dropout,24,0.04263180565088987,0.020166877657175064
llama,squad,noise_2_word_dropout,25,0.04227347712963819,0.019625146873295307
llama,squad,noise_2_word_dropout,26,0.04201218813657761,0.019216447621583938
llama,squad,noise_2_word_dropout,27,0.04088392075151205,0.017906978754326702
llama,squad,noise_2_word_dropout,28,0.04080257987603545,0.017716345200315117
llama,squad,noise_2_word_dropout,29,0.0405514900572598,0.017342099929228427
llama,squad,noise_2_word_dropout,30,0.04095335718244314,0.0176650055591017
llama,squad,noise_2_word_dropout,31,0.041826816834509374,0.018351998403668402
llama,squad,noise_2_word_dropout,32,0.04492205271497369,0.021364005776122214
llama,squad,noise_3_token_shuffle,0,0.0174975042976439,0.011538074119016528
llama,squad,noise_3_token_shuffle,1,0.017713525500148534,0.009757461221888662
llama,squad,noise_3_token_shuffle,2,0.019163281358778476,0.010292191039770842
llama,squad,noise_3_token_shuffle,3,0.01917378919199109,0.010220069009810685
llama,squad,noise_3_token_shuffle,4,0.019426795244216918,0.009874087357893586
llama,squad,noise_3_token_shuffle,5,0.01951900962740183,0.00955399714410305
llama,squad,noise_3_token_shuffle,6,0.019722501169890164,0.009432217190042138
llama,squad,noise_3_token_shuffle,7,0.0198366947285831,0.009220887264236808
llama,squad,noise_3_token_shuffle,8,0.020240640323609112,0.00922895709052682
llama,squad,noise_3_token_shuffle,9,0.020422813314944506,0.00910722753033042
llama,squad,noise_3_token_shuffle,10,0.01989843023940921,0.008564978474751114
llama,squad,noise_3_token_shuffle,11,0.019856435991823674,0.008692490579560399
llama,squad,noise_3_token_shuffle,12,0.019864318352192642,0.008657443644478917
llama,squad,noise_3_token_shuffle,13,0.019416214283555746,0.00820945699699223
llama,squad,noise_3_token_shuffle,14,0.01899294514209032,0.007974711218848825
llama,squad,noise_3_token_shuffle,15,0.019327856060117485,0.008291655955836176
llama,squad,noise_3_token_shuffle,16,0.018949804976582527,0.008116140477359295
llama,squad,noise_3_token_shuffle,17,0.018466894533485174,0.007810499062761664
llama,squad,noise_3_token_shuffle,18,0.018155929278582335,0.007679477240890265
llama,squad,noise_3_token_shuffle,19,0.017708680471405388,0.00740067564882338
llama,squad,noise_3_token_shuffle,20,0.017586437743157147,0.007377277687191963
llama,squad,noise_3_token_shuffle,21,0.01775325782597065,0.007574895760044455
llama,squad,noise_3_token_shuffle,22,0.01740472358651459,0.007254318138584495
llama,squad,noise_3_token_shuffle,23,0.017238463824614882,0.007102699475362897
llama,squad,noise_3_token_shuffle,24,0.016867002230137585,0.006809339597821235
llama,squad,noise_3_token_shuffle,25,0.01666567524895072,0.006610557492822408
llama,squad,noise_3_token_shuffle,26,0.016512915678322315,0.0064686568174511195
llama,squad,noise_3_token_shuffle,27,0.0160328670963645,0.006083451611921191
llama,squad,noise_3_token_shuffle,28,0.01595482270233333,0.006036844421178102
llama,squad,noise_3_token_shuffle,29,0.015792800383642315,0.005885890685021877
llama,squad,noise_3_token_shuffle,30,0.01586010940372944,0.005959485014900565
llama,squad,noise_3_token_shuffle,31,0.016061762673780323,0.0060933281295001505
llama,squad,noise_3_token_shuffle,32,0.016877595307305454,0.006834470927715302
llama,squad,noise_4_semantic,0,0.06326344856992364,0.04249092970043421
llama,squad,noise_4_semantic,1,0.06108573002740741,0.036770639084279536
llama,squad,noise_4_semantic,2,0.06430139344185591,0.038363653998821974
llama,squad,noise_4_semantic,3,0.06416393963620066,0.037766944328323004
llama,squad,noise_4_semantic,4,0.06378747103735805,0.036608099872246384
llama,squad,noise_4_semantic,5,0.06399457499384881,0.03626044104807079
llama,squad,noise_4_semantic,6,0.06377786189317704,0.03551990344189107
llama,squad,noise_4_semantic,7,0.06333426764234901,0.03488186658360064
llama,squad,noise_4_semantic,8,0.06346533231437207,0.034763261638581754
llama,squad,noise_4_semantic,9,0.06301553584635258,0.03372476636432111
llama,squad,noise_4_semantic,10,0.06182993322610855,0.0324641424138099
llama,squad,noise_4_semantic,11,0.061416887827217576,0.03243896652944386
llama,squad,noise_4_semantic,12,0.06234765533357858,0.033037195103242996
llama,squad,noise_4_semantic,13,0.06077768107876182,0.031737824035808444
llama,squad,noise_4_semantic,14,0.06013720437884331,0.03099685413762927
llama,squad,noise_4_semantic,15,0.0613377552293241,0.03196117618121207
llama,squad,noise_4_semantic,16,0.061565911080688235,0.03265168224461377
llama,squad,noise_4_semantic,17,0.060656740684062245,0.031767600448802114
llama,squad,noise_4_semantic,18,0.061064267922192814,0.032210949677973985
llama,squad,noise_4_semantic,19,0.06056149123236537,0.03160029229708016
llama,squad,noise_4_semantic,20,0.06040727499872446,0.03128755101002753
llama,squad,noise_4_semantic,21,0.06105907635763288,0.03171410411596298
llama,squad,noise_4_semantic,22,0.06064514437690377,0.030737299090251326
llama,squad,noise_4_semantic,23,0.06042587818577885,0.030081003410741686
llama,squad,noise_4_semantic,24,0.05961072795093059,0.02866685116663575
llama,squad,noise_4_semantic,25,0.059017335288226606,0.027707840176299216
llama,squad,noise_4_semantic,26,0.058694544266909364,0.026993453027680515
llama,squad,noise_4_semantic,27,0.057073053047060965,0.025054136607795954
llama,squad,noise_4_semantic,28,0.05674283886328339,0.0244758515432477
llama,squad,noise_4_semantic,29,0.056354718785732984,0.023959794798865914
llama,squad,noise_4_semantic,30,0.05658081449568272,0.02404003046452999
llama,squad,noise_4_semantic,31,0.05728972427546978,0.02480009357444942
llama,squad,noise_4_semantic,32,0.06121868271380663,0.029462940664961933
llama,squad,noise_5_adversarial,0,0.013110948354005813,0.008014454385265707
llama,squad,noise_5_adversarial,1,0.0140561780706048,0.00657978642731905
llama,squad,noise_5_adversarial,2,0.01644960186444223,0.006531323632225394
llama,squad,noise_5_adversarial,3,0.017217354625463487,0.006298877103254199
llama,squad,noise_5_adversarial,4,0.018160192146897316,0.006144870035350323
llama,squad,noise_5_adversarial,5,0.018707753866910936,0.006068604225292802
llama,squad,noise_5_adversarial,6,0.01909986760467291,0.0057539774663746355
llama,squad,noise_5_adversarial,7,0.019425130914896727,0.005761113408952951
llama,squad,noise_5_adversarial,8,0.019967458881437777,0.0057193673402071
llama,squad,noise_5_adversarial,9,0.020277307871729135,0.005500103374943137
llama,squad,noise_5_adversarial,10,0.02043576205149293,0.005452306242659688
llama,squad,noise_5_adversarial,11,0.020604775715619326,0.005498002907261252
llama,squad,noise_5_adversarial,12,0.021342686731368302,0.005588221764191985
llama,squad,noise_5_adversarial,13,0.02072017513215542,0.0053182023297995325
llama,squad,noise_5_adversarial,14,0.020808780267834663,0.005523886969313025
llama,squad,noise_5_adversarial,15,0.020856997836381196,0.005578481303527952
llama,squad,noise_5_adversarial,16,0.0205294188298285,0.005815929779782891
llama,squad,noise_5_adversarial,17,0.02003731967881322,0.005667221732437611
llama,squad,noise_5_adversarial,18,0.01980093088001013,0.005814177952706814
llama,squad,noise_5_adversarial,19,0.01947519091889262,0.005536419190466404
llama,squad,noise_5_adversarial,20,0.01970623169094324,0.005579515006393194
llama,squad,noise_5_adversarial,21,0.019971394762396812,0.005689433300867677
llama,squad,noise_5_adversarial,22,0.02005207696929574,0.005527596166357398
llama,squad,noise_5_adversarial,23,0.020327838584780693,0.005502967545762658
llama,squad,noise_5_adversarial,24,0.020436771139502527,0.005317403385415673
llama,squad,noise_5_adversarial,25,0.020623754877597093,0.005186626575887203
llama,squad,noise_5_adversarial,26,0.020963372439146043,0.005117826191708446
llama,squad,noise_5_adversarial,27,0.02085493415594101,0.004785933867096901
llama,squad,noise_5_adversarial,28,0.021068552918732168,0.004712759470567107
llama,squad,noise_5_adversarial,29,0.021274597495794297,0.004649411235004663
llama,squad,noise_5_adversarial,30,0.021585040614008903,0.004648559484630823
llama,squad,noise_5_adversarial,31,0.022157393228262663,0.004910572841763497
llama,squad,noise_5_adversarial,32,0.023191645666956903,0.006065450804308057
llama,ms_marco,noise_1_character,0,0.09358914770185947,0.06052342957817018
llama,ms_marco,noise_1_character,1,0.08450168846175074,0.051047474564984444
llama,ms_marco,noise_1_character,2,0.08711978274397553,0.052198479287326335
llama,ms_marco,noise_1_character,3,0.08489103766158224,0.05084263361059129
llama,ms_marco,noise_1_character,4,0.08348140381276607,0.04890078252181411
llama,ms_marco,noise_1_character,5,0.08259521257132292,0.04749068880453706
llama,ms_marco,noise_1_character,6,0.0814665381796658,0.045920404540374875
llama,ms_marco,noise_1_character,7,0.08118265664204954,0.04478945481590926
llama,ms_marco,noise_1_character,8,0.08161110781133175,0.044825170785188675
llama,ms_marco,noise_1_character,9,0.08031791754066944,0.04320943789556622
llama,ms_marco,noise_1_character,10,0.07842989087104797,0.04098876454867423
llama,ms_marco,noise_1_character,11,0.0776716441847384,0.04163226885721087
llama,ms_marco,noise_1_character,12,0.07850301258265972,0.042376502053812146
llama,ms_marco,noise_1_character,13,0.07545677984133363,0.03956323584541679
llama,ms_marco,noise_1_character,14,0.07533413507044315,0.039495800202712414
llama,ms_marco,noise_1_character,15,0.07590059462934733,0.04069742533378303
llama,ms_marco,noise_1_character,16,0.07570748180150985,0.04079382984898985
llama,ms_marco,noise_1_character,17,0.07434556974098086,0.03972990212962031
llama,ms_marco,noise_1_character,18,0.0749182329326868,0.04099007136188448
llama,ms_marco,noise_1_character,19,0.07455657836049795,0.040716303326189515
llama,ms_marco,noise_1_character,20,0.07453637460246682,0.04058990752324462
llama,ms_marco,noise_1_character,21,0.07519529083743691,0.04128551479429007
llama,ms_marco,noise_1_character,22,0.07388311583548784,0.039903668919578195
llama,ms_marco,noise_1_character,23,0.0735112608037889,0.03962088198401034
llama,ms_marco,noise_1_character,24,0.07256225794553757,0.03860027696006
llama,ms_marco,noise_1_character,25,0.07234573179855942,0.03793527700006962
llama,ms_marco,noise_1_character,26,0.07239308111369609,0.03737030969001353
llama,ms_marco,noise_1_character,27,0.07128404656425119,0.03558015113696456
llama,ms_marco,noise_1_character,28,0.07220854926854373,0.03617790251970291
llama,ms_marco,noise_1_character,29,0.0722129862755537,0.03590014265850186
llama,ms_marco,noise_1_character,30,0.07359382206574082,0.03675605699419975
llama,ms_marco,noise_1_character,31,0.07480022270232439,0.03765896870754659
llama,ms_marco,noise_1_character,32,0.0762465027719736,0.041244660010561346
llama,ms_marco,noise_2_word_dropout,0,0.08367969244718551,0.05499226330775439
llama,ms_marco,noise_2_word_dropout,1,0.08006281219422817,0.04662653900697924
llama,ms_marco,noise_2_word_dropout,2,0.0763341779075563,0.046743525836574505
llama,ms_marco,noise_2_word_dropout,3,0.07407069310545922,0.0454250108816019
llama,ms_marco,noise_2_word_dropout,4,0.07247590435668826,0.042970426165285305
llama,ms_marco,noise_2_word_dropout,5,0.07090743206441402,0.041070365294427764
llama,ms_marco,noise_2_word_dropout,6,0.07026668898761272,0.039637316051436874
llama,ms_marco,noise_2_word_dropout,7,0.06989099510014057,0.03855136055579967
llama,ms_marco,noise_2_word_dropout,8,0.0696701392903924,0.038111903106006546
llama,ms_marco,noise_2_word_dropout,9,0.06786167714744806,0.036481557882307725
llama,ms_marco,noise_2_word_dropout,10,0.06591806661337614,0.034144049893275685
llama,ms_marco,noise_2_word_dropout,11,0.06663596376776695,0.03450720790013708
llama,ms_marco,noise_2_word_dropout,12,0.06757578622549772,0.03513738062972838
llama,ms_marco,noise_2_word_dropout,13,0.0655419060960412,0.03284220918829878
llama,ms_marco,noise_2_word_dropout,14,0.06493458461016416,0.03292954476121162
llama,ms_marco,noise_2_word_dropout,15,0.06635636981576681,0.03421618818350908
llama,ms_marco,noise_2_word_dropout,16,0.06639797937124968,0.03471153929592608
llama,ms_marco,noise_2_word_dropout,17,0.06600243706256151,0.034335194370398094
llama,ms_marco,noise_2_word_dropout,18,0.06719372868537903,0.035269983654354194
llama,ms_marco,noise_2_word_dropout,19,0.0671428145468235,0.03507465781193382
llama,ms_marco,noise_2_word_dropout,20,0.06667072381824254,0.03480154633702362
llama,ms_marco,noise_2_word_dropout,21,0.06713358748704196,0.03545319459452127
llama,ms_marco,noise_2_word_dropout,22,0.06599472936242819,0.034127938218927595
llama,ms_marco,noise_2_word_dropout,23,0.06582070391625167,0.03384864677475864
llama,ms_marco,noise_2_word_dropout,24,0.0647612289711833,0.03271085839267549
llama,ms_marco,noise_2_word_dropout,25,0.06411712389439345,0.031972330593927706
llama,ms_marco,noise_2_word_dropout,26,0.06348358053714037,0.03131356622048451
llama,ms_marco,noise_2_word_dropout,27,0.061933326981961724,0.029496120479021323
llama,ms_marco,noise_2_word_dropout,28,0.06177546013146639,0.02920125358849175
llama,ms_marco,noise_2_word_dropout,29,0.061280226074159144,0.02872666166184864
llama,ms_marco,noise_2_word_dropout,30,0.06162351787090301,0.029022453141850306
llama,ms_marco,noise_2_word_dropout,31,0.062477447129786014,0.029758363052763925
llama,ms_marco,noise_2_word_dropout,32,0.06575617790222169,0.03277909026465643
llama,ms_marco,noise_3_token_shuffle,0,0.02463989779353142,0.01607132193347617
llama,ms_marco,noise_3_token_shuffle,1,0.025019458048045635,0.013505856088484798
llama,ms_marco,noise_3_token_shuffle,2,0.027594479247927666,0.013884274019260871
llama,ms_marco,noise_3_token_shuffle,3,0.027798025012016295,0.01350757159669632
llama,ms_marco,noise_3_token_shuffle,4,0.028634016439318656,0.012832447812013238
llama,ms_marco,noise_3_token_shuffle,5,0.029136010967195033,0.012405924600402827
llama,ms_marco,noise_3_token_shuffle,6,0.029652968272566794,0.012263495615284939
llama,ms_marco,noise_3_token_shuffle,7,0.03005396530032158,0.01211672232381358
llama,ms_marco,noise_3_token_shuffle,8,0.030911497958004474,0.012394411819628495
llama,ms_marco,noise_3_token_shuffle,9,0.031215153969824314,0.012247833684527434
llama,ms_marco,noise_3_token_shuffle,10,0.03045845691114664,0.011343339268490666
llama,ms_marco,noise_3_token_shuffle,11,0.03078047752380371,0.0115822601247619
llama,ms_marco,noise_3_token_shuffle,12,0.03130202885717154,0.01185629219266596
llama,ms_marco,noise_3_token_shuffle,13,0.030406844280660154,0.01103524312301669
llama,ms_marco,noise_3_token_shuffle,14,0.030174354761838912,0.01078510547246264
llama,ms_marco,noise_3_token_shuffle,15,0.030493213161826134,0.011157834844159033
llama,ms_marco,noise_3_token_shuffle,16,0.029856648594141007,0.010840788630332021
llama,ms_marco,noise_3_token_shuffle,17,0.028973565883934498,0.010460992347056504
llama,ms_marco,noise_3_token_shuffle,18,0.02859207469969988,0.01031921131043264
llama,ms_marco,noise_3_token_shuffle,19,0.028189390227198602,0.010082739078209429
llama,ms_marco,noise_3_token_shuffle,20,0.027908680960536003,0.00994290630990859
llama,ms_marco,noise_3_token_shuffle,21,0.02795705772936344,0.010071764949364698
llama,ms_marco,noise_3_token_shuffle,22,0.027382275089621544,0.00964456438485893
llama,ms_marco,noise_3_token_shuffle,23,0.02707330361008644,0.00945998870910656
llama,ms_marco,noise_3_token_shuffle,24,0.026616401858627795,0.009144404622736158
llama,ms_marco,noise_3_token_shuffle,25,0.026295076534152032,0.008924599318703007
llama,ms_marco,noise_3_token_shuffle,26,0.02602183923125267,0.008693103860438822
llama,ms_marco,noise_3_token_shuffle,27,0.02528471063822508,0.008152952062514842
llama,ms_marco,noise_3_token_shuffle,28,0.025225378461182116,0.008095595796618565
llama,ms_marco,noise_3_token_shuffle,29,0.024959105737507342,0.007891839103993546
llama,ms_marco,noise_3_token_shuffle,30,0.025059383772313596,0.007983229005561086
llama,ms_marco,noise_3_token_shuffle,31,0.02516090977936983,0.007986659044167527
llama,ms_marco,noise_3_token_shuffle,32,0.025550820007920264,0.00829514189838001
llama,ms_marco,noise_4_semantic,0,0.11445759147405625,0.07574984542094171
llama,ms_marco,noise_4_semantic,1,0.10773215419612825,0.06655566122382879
llama,ms_marco,noise_4_semantic,2,0.11259544388391078,0.06955282617360353
llama,ms_marco,noise_4_semantic,3,0.1126679820753634,0.06866110614500939
llama,ms_marco,noise_4_semantic,4,0.11196159789338708,0.06669732181355358
llama,ms_marco,noise_4_semantic,5,0.11132356777787208,0.06650645079091191
llama,ms_marco,noise_4_semantic,6,0.1098390649817884,0.06507347212173045
llama,ms_marco,noise_4_semantic,7,0.10833323387429118,0.06389095573686063
llama,ms_marco,noise_4_semantic,8,0.10832533229142427,0.06349807485006749
llama,ms_marco,noise_4_semantic,9,0.10645758610218764,0.061177594251930714
llama,ms_marco,noise_4_semantic,10,0.10391226790845394,0.05846601630561054
llama,ms_marco,noise_4_semantic,11,0.10378675868734717,0.05889595402404666
llama,ms_marco,noise_4_semantic,12,0.10496191699057818,0.059887081291526555
llama,ms_marco,noise_4_semantic,13,0.1008921400271356,0.05603225009515882
llama,ms_marco,noise_4_semantic,14,0.10081473302096128,0.05558704260736704
llama,ms_marco,noise_4_semantic,15,0.10288094587624073,0.057384156584739686
llama,ms_marco,noise_4_semantic,16,0.10369134061038494,0.058579325322061775
llama,ms_marco,noise_4_semantic,17,0.10211774053052068,0.056856018211692574
llama,ms_marco,noise_4_semantic,18,0.10372505564242601,0.05839985487051308
llama,ms_marco,noise_4_semantic,19,0.10303814385086298,0.05732873649336398
llama,ms_marco,noise_4_semantic,20,0.10244595412164927,0.05664287067949772
llama,ms_marco,noise_4_semantic,21,0.10307721247896552,0.056993710556998846
llama,ms_marco,noise_4_semantic,22,0.10180152485147119,0.05497241496108472
llama,ms_marco,noise_4_semantic,23,0.10148075260221959,0.05429774503223598
llama,ms_marco,noise_4_semantic,24,0.10014641884714365,0.05217755827121437
llama,ms_marco,noise_4_semantic,25,0.09882376663386822,0.05053537765517831
llama,ms_marco,noise_4_semantic,26,0.097572780251503,0.049106288645416496
llama,ms_marco,noise_4_semantic,27,0.09443858286365867,0.04571566868573427
llama,ms_marco,noise_4_semantic,28,0.09363648150116205,0.04475712369196117
llama,ms_marco,noise_4_semantic,29,0.09273737236857414,0.04400063343346119
llama,ms_marco,noise_4_semantic,30,0.09252207009121775,0.04383425800129771
llama,ms_marco,noise_4_semantic,31,0.09329734113067388,0.04503866620361805
llama,ms_marco,noise_4_semantic,32,0.09978710908442735,0.05297723962925374
llama,ms_marco,noise_5_adversarial,0,0.03859265364706516,0.022692274479195477
llama,ms_marco,noise_5_adversarial,1,0.037270074216648935,0.0201139335334301
llama,ms_marco,noise_5_adversarial,2,0.03863843177445233,0.020237080715596677
llama,ms_marco,noise_5_adversarial,3,0.03879376163706184,0.019751167735084892
llama,ms_marco,noise_5_adversarial,4,0.03854685014113784,0.018916050046682356
llama,ms_marco,noise_5_adversarial,5,0.03780883260071278,0.01840634529478848
llama,ms_marco,noise_5_adversarial,6,0.037317457646131515,0.017698555514216424
llama,ms_marco,noise_5_adversarial,7,0.03727470029145479,0.01784639130346477
llama,ms_marco,noise_5_adversarial,8,0.037564093843102456,0.017224356792867185
llama,ms_marco,noise_5_adversarial,9,0.03675107229501009,0.016116745499894024
llama,ms_marco,noise_5_adversarial,10,0.036354895271360876,0.01556483754888177
llama,ms_marco,noise_5_adversarial,11,0.03570295108482242,0.015495677348226308
llama,ms_marco,noise_5_adversarial,12,0.03630244681611657,0.015879926476627587
llama,ms_marco,noise_5_adversarial,13,0.03443977063521743,0.014533986514434218
llama,ms_marco,noise_5_adversarial,14,0.034647963866591455,0.014658423336222769
llama,ms_marco,noise_5_adversarial,15,0.03495475064963102,0.015044909492135048
llama,ms_marco,noise_5_adversarial,16,0.03635819146409631,0.016549875363707542
llama,ms_marco,noise_5_adversarial,17,0.03582143982872367,0.016531482441350817
llama,ms_marco,noise_5_adversarial,18,0.03586892507970333,0.017169808242470025
llama,ms_marco,noise_5_adversarial,19,0.03555370345711708,0.016937116412445902
llama,ms_marco,noise_5_adversarial,20,0.03582534164190292,0.01693436994217336
llama,ms_marco,noise_5_adversarial,21,0.035929258950054645,0.016976025709882377
llama,ms_marco,noise_5_adversarial,22,0.03527049383148551,0.016324066370725632
llama,ms_marco,noise_5_adversarial,23,0.03499925462529063,0.016076466562226416
llama,ms_marco,noise_5_adversarial,24,0.03449289958924055,0.015459291925653816
llama,ms_marco,noise_5_adversarial,25,0.034221996869891885,0.014997903304174543
llama,ms_marco,noise_5_adversarial,26,0.03410146828740835,0.014649332836270332
llama,ms_marco,noise_5_adversarial,27,0.03310275392606855,0.013764290707185864
llama,ms_marco,noise_5_adversarial,28,0.03294990820810199,0.013442943338304758
llama,ms_marco,noise_5_adversarial,29,0.03282166363671422,0.013249852936714887
llama,ms_marco,noise_5_adversarial,30,0.03272108824923634,0.013004610668867827
llama,ms_marco,noise_5_adversarial,31,0.03321179937571287,0.013604287561029195
llama,ms_marco,noise_5_adversarial,32,0.03589385027065873,0.01571291702799499
llama,qtsumm,noise_1_character,0,0.0,-4.2160972952842715e-08
llama,qtsumm,noise_1_character,1,0.000549350418150425,1.2506358325481414e-06
llama,qtsumm,noise_1_character,2,0.0008934070449322462,3.354409709572792e-06
llama,qtsumm,noise_1_character,3,0.001119148600846529,5.300864577293396e-06
llama,qtsumm,noise_1_character,4,0.0013137085922062398,7.345713675022125e-06
llama,qtsumm,noise_1_character,5,0.0014776623994112014,9.356485679745675e-06
llama,qtsumm,noise_1_character,6,0.0016475030221045016,1.1807195842266082e-05
llama,qtsumm,noise_1_character,7,0.0017515189386904239,1.3741143047809601e-05
llama,qtsumm,noise_1_character,8,0.001871926449239254,1.6553904861211776e-05
llama,qtsumm,noise_1_character,9,0.0019892916083335877,1.9679246470332146e-05
llama,qtsumm,noise_1_character,10,0.0020346006751060484,2.248341217637062e-05
llama,qtsumm,noise_1_character,11,0.0021260665729641915,2.5051701813936235e-05
llama,qtsumm,noise_1_character,12,0.0022357000410556794,2.8927726671099663e-05
llama,qtsumm,noise_1_character,13,0.0021463948488235473,2.7151992544531822e-05
llama,qtsumm,noise_1_character,14,0.0020975089818239213,2.8010932728648184e-05
llama,qtsumm,noise_1_character,15,0.0020821170136332513,2.72394809871912e-05
llama,qtsumm,noise_1_character,16,0.0019698216393589972,2.587776631116867e-05
llama,qtsumm,noise_1_character,17,0.001856515035033226,2.271438017487526e-05
llama,qtsumm,noise_1_character,18,0.0018251221999526024,2.3538703098893167e-05
llama,qtsumm,noise_1_character,19,0.0018238073401153087,2.5201989337801934e-05
llama,qtsumm,noise_1_character,20,0.0018441518023610114,2.623741514980793e-05
llama,qtsumm,noise_1_character,21,0.0018816018849611281,2.8090178966522215e-05
llama,qtsumm,noise_1_character,22,0.0019125739112496377,3.0853534117341045e-05
llama,qtsumm,noise_1_character,23,0.0019466033205389976,3.3292397856712343e-05
llama,qtsumm,noise_1_character,24,0.001990233138203621,3.836429677903652e-05
llama,qtsumm,noise_1_character,25,0.0020461066067218783,4.324215464293957e-05
llama,qtsumm,noise_1_character,26,0.0021224900521337985,4.561151377856731e-05
llama,qtsumm,noise_1_character,27,0.002159256171435118,4.958762787282467e-05
llama,qtsumm,noise_1_character,28,0.0022018252313137053,5.211561918258667e-05
llama,qtsumm,noise_1_character,29,0.0022478798031806946,5.08201215416193e-05
llama,qtsumm,noise_1_character,30,0.0023585348203778267,5.175955593585968e-05
llama,qtsumm,noise_1_character,31,0.0023566357046365736,4.55119926482439e-05
llama,qtsumm,noise_1_character,32,0.002320193871855736,3.718671388924122e-05
llama,qtsumm,noise_2_word_dropout,0,0.0,-4.2160972952842715e-08
llama,qtsumm,noise_2_word_dropout,1,0.00026083651930093767,5.877669900655747e-07
llama,qtsumm,noise_2_word_dropout,2,0.0004639931954443455,1.8049310892820358e-06
llama,qtsumm,noise_2_word_dropout,3,0.0005924391001462937,2.9524508863687516e-06
llama,qtsumm,noise_2_word_dropout,4,0.0006955514661967754,4.103677347302437e-06
llama,qtsumm,noise_2_word_dropout,5,0.0007775535061955452,5.16524538397789e-06
llama,qtsumm,noise_2_word_dropout,6,0.0008647503890097142,6.460361182689667e-06
llama,qtsumm,noise_2_word_dropout,7,0.0009345498122274875,7.916241884231567e-06
llama,qtsumm,noise_2_word_dropout,8,0.0010111725702881813,1.0211756452918053e-05
llama,qtsumm,noise_2_word_dropout,9,0.0010609719902276993,1.2236917391419412e-05
llama,qtsumm,noise_2_word_dropout,10,0.0010675470158457755,1.3100039213895797e-05
llama,qtsumm,noise_2_word_dropout,11,0.0011117452010512353,1.4272034168243408e-05
llama,qtsumm,noise_2_word_dropout,12,0.0011656878888607026,1.6392963007092477e-05
llama,qtsumm,noise_2_word_dropout,13,0.0010982276871800423,1.424766145646572e-05
llama,qtsumm,noise_2_word_dropout,14,0.001076684631407261,1.5470515936613083e-05
llama,qtsumm,noise_2_word_dropout,15,0.0010756806656718255,1.650674268603325e-05
llama,qtsumm,noise_2_word_dropout,16,0.0010315078496932984,1.7244173213839532e-05
llama,qtsumm,noise_2_word_dropout,17,0.0009999500587582588,1.948978751897812e-05
llama,qtsumm,noise_2_word_dropout,18,0.0010019652917981148,2.5659427046775817e-05
llama,qtsumm,noise_2_word_dropout,19,0.000994827188551426,2.6152897626161575e-05
llama,qtsumm,noise_2_word_dropout,20,0.000998774729669094,2.6386091485619544e-05
llama,qtsumm,noise_2_word_dropout,21,0.0010213298350572587,2.865762449800968e-05
llama,qtsumm,noise_2_word_dropout,22,0.001029832772910595,3.0303215608000757e-05
llama,qtsumm,noise_2_word_dropout,23,0.001041317544877529,3.104211762547493e-05
llama,qtsumm,noise_2_word_dropout,24,0.0010549359023571015,3.1578661873936655e-05
llama,qtsumm,noise_2_word_dropout,25,0.0010811491310596466,3.3346135169267654e-05
llama,qtsumm,noise_2_word_dropout,26,0.0011188168451189994,3.503653220832348e-05
llama,qtsumm,noise_2_word_dropout,27,0.0011299824342131614,3.629406914114952e-05
llama,qtsumm,noise_2_word_dropout,28,0.001151481755077839,3.66540439426899e-05
llama,qtsumm,noise_2_word_dropout,29,0.001175001747906208,3.5512326285243034e-05
llama,qtsumm,noise_2_word_dropout,30,0.0012237759307026862,3.6007268354296686e-05
llama,qtsumm,noise_2_word_dropout,31,0.0012226228043437004,3.195907920598984e-05
llama,qtsumm,noise_2_word_dropout,32,0.001186007633805275,2.5384267792105676e-05
llama,qtsumm,noise_3_token_shuffle,0,0.0,-4.2160972952842715e-08
llama,qtsumm,noise_3_token_shuffle,1,0.0,-1.9716098904609682e-08
llama,qtsumm,noise_3_token_shuffle,2,0.0,-1.4146789908409118e-08
llama,qtsumm,noise_3_token_shuffle,3,0.0,-1.559033989906311e-08
llama,qtsumm,noise_3_token_shuffle,4,0.0,-1.0924413800239563e-08
llama,qtsumm,noise_3_token_shuffle,5,0.0,-1.0440126061439515e-08
llama,qtsumm,noise_3_token_shuffle,6,0.0,-9.201467037200928e-09
llama,qtsumm,noise_3_token_shuffle,7,0.0,-8.428469300270081e-09
llama,qtsumm,noise_3_token_shuffle,8,0.0,-1.0794028639793396e-08
llama,qtsumm,noise_3_token_shuffle,9,0.0,-7.925555109977722e-09
llama,qtsumm,noise_3_token_shuffle,10,0.0,-1.06077641248703e-08
llama,qtsumm,noise_3_token_shuffle,11,0.0,-7.3947012424469e-09
llama,qtsumm,noise_3_token_shuffle,12,0.0,-7.776543498039245e-09
llama,qtsumm,noise_3_token_shuffle,13,0.0,-8.800998330116271e-09
llama,qtsumm,noise_3_token_shuffle,14,0.0,-9.98377799987793e-09
llama,qtsumm,noise_3_token_shuffle,15,0.0,-1.1650845408439636e-08
llama,qtsumm,noise_3_token_shuffle,16,0.0,-1.1231750249862671e-08
llama,qtsumm,noise_3_token_shuffle,17,0.0,-1.082196831703186e-08
llama,qtsumm,noise_3_token_shuffle,18,0.0,-1.0011717677116394e-08
llama,qtsumm,noise_3_token_shuffle,19,0.0,-1.2293457984924316e-08
llama,qtsumm,noise_3_token_shuffle,20,0.0,-1.4416873455047608e-08
llama,qtsumm,noise_3_token_shuffle,21,0.0,-1.8076971173286438e-08
llama,qtsumm,noise_3_token_shuffle,22,0.0,-1.576729118824005e-08
llama,qtsumm,noise_3_token_shuffle,23,0.0,-1.598149538040161e-08
llama,qtsumm,noise_3_token_shuffle,24,0.0,-1.660548150539398e-08
llama,qtsumm,noise_3_token_shuffle,25,0.0,-1.4714896678924561e-08
llama,qtsumm,noise_3_token_shuffle,26,0.0,-1.8887221813201905e-08
llama,qtsumm,noise_3_token_shuffle,27,0.0,-1.6456469893455507e-08
llama,qtsumm,noise_3_token_shuffle,28,0.0,-1.9576400518417358e-08
llama,qtsumm,noise_3_token_shuffle,29,0.0,-1.942738890647888e-08
llama,qtsumm,noise_3_token_shuffle,30,0.0,-1.9762665033340453e-08
llama,qtsumm,noise_3_token_shuffle,31,0.0,-1.1837109923362733e-08
llama,qtsumm,noise_3_token_shuffle,32,0.0,-1.9269064068794252e-08
llama,qtsumm,noise_4_semantic,0,0.0,-4.2160972952842715e-08
llama,qtsumm,noise_4_semantic,1,0.0006076931301504374,1.3368483632802964e-06
llama,qtsumm,noise_4_semantic,2,0.001034555872902274,3.856401890516281e-06
llama,qtsumm,noise_4_semantic,3,0.001302839331328869,6.15476630628109e-06
llama,qtsumm,noise_4_semantic,4,0.001526296939700842,8.49395990371704e-06
llama,qtsumm,noise_4_semantic,5,0.0017149007134139539,1.078716479241848e-05
llama,qtsumm,noise_4_semantic,6,0.0019112851656973363,1.3581113889813424e-05
llama,qtsumm,noise_4_semantic,7,0.002034448739141226,1.5809871256351472e-05
llama,qtsumm,noise_4_semantic,8,0.002177663762122393,1.909148879349232e-05
llama,qtsumm,noise_4_semantic,9,0.002313266322016716,2.2595003247261048e-05
llama,qtsumm,noise_4_semantic,10,0.002368960492312908,2.5699855759739874e-05
llama,qtsumm,noise_4_semantic,11,0.002480841018259525,2.867812290787697e-05
llama,qtsumm,noise_4_semantic,12,0.0026081862300634385,3.299680538475514e-05
llama,qtsumm,noise_4_semantic,13,0.0025113603472709657,3.112232312560081e-05
llama,qtsumm,noise_4_semantic,14,0.0024673997610807417,3.235028125345707e-05
llama,qtsumm,noise_4_semantic,15,0.0024624571204185488,3.1873174011707304e-05
llama,qtsumm,noise_4_semantic,16,0.00233998853713274,3.0608074739575384e-05
llama,qtsumm,noise_4_semantic,17,0.0022161412611603737,2.7472199872136115e-05
llama,qtsumm,noise_4_semantic,18,0.0021841853484511377,2.8801439329981805e-05
llama,qtsumm,noise_4_semantic,19,0.0021859178505837917,3.1327838078141214e-05
llama,qtsumm,noise_4_semantic,20,0.0022088012099266054,3.296682611107826e-05
llama,qtsumm,noise_4_semantic,21,0.0022549620270729065,3.554692491889e-05
llama,qtsumm,noise_4_semantic,22,0.002287813015282154,3.8343919441103936e-05
llama,qtsumm,noise_4_semantic,23,0.0023266853019595145,4.092182964086533e-05
llama,qtsumm,noise_4_semantic,24,0.002365957498550415,4.5814039185643193e-05
llama,qtsumm,noise_4_semantic,25,0.0024291696026921272,5.094331689178944e-05
llama,qtsumm,noise_4_semantic,26,0.002521317508071661,5.361233837902546e-05
llama,qtsumm,noise_4_semantic,27,0.0025525709055364133,5.724470131099224e-05
llama,qtsumm,noise_4_semantic,28,0.002592759430408478,5.9523731470108035e-05
llama,qtsumm,noise_4_semantic,29,0.0026366060227155687,5.7404311373829845e-05
llama,qtsumm,noise_4_semantic,30,0.002767520435154438,5.8708265423774716e-05
llama,qtsumm,noise_4_semantic,31,0.002746955528855324,5.114157684147358e-05
llama,qtsumm,noise_4_semantic,32,0.002647765427827835,4.05618641525507e-05
llama,qtsumm,noise_5_adversarial,0,0.0,-4.2160972952842715e-08
llama,qtsumm,noise_5_adversarial,1,0.0007736874744296074,1.7174053937196731e-06
llama,qtsumm,noise_5_adversarial,2,0.001349358009174466,5.111536011099816e-06
llama,qtsumm,noise_5_adversarial,3,0.0017042474262416363,8.203834295272826e-06
llama,qtsumm,noise_5_adversarial,4,0.001995003167539835,1.1293282732367515e-05
llama,qtsumm,noise_5_adversarial,5,0.0022352253645658493,1.4236019924283027e-05
llama,qtsumm,noise_5_adversarial,6,0.0024784219823777674,1.7698733136057853e-05
llama,qtsumm,noise_5_adversarial,7,0.0026328090578317644,2.0413417369127275e-05
llama,qtsumm,noise_5_adversarial,8,0.002813460882753134,2.433799207210541e-05
llama,qtsumm,noise_5_adversarial,9,0.0029750731959939003,2.8298990800976754e-05
llama,qtsumm,noise_5_adversarial,10,0.0030420973896980287,3.169381991028786e-05
llama,qtsumm,noise_5_adversarial,11,0.003181176818907261,3.5285633057355884e-05
llama,qtsumm,noise_5_adversarial,12,0.0033458893373608588,4.051276482641697e-05
llama,qtsumm,noise_5_adversarial,13,0.003220946341753006,3.814898431301117e-05
llama,qtsumm,noise_5_adversarial,14,0.0031636331602931025,3.941151313483715e-05
llama,qtsumm,noise_5_adversarial,15,0.003162366934120655,3.9126258343458176e-05
llama,qtsumm,noise_5_adversarial,16,0.003009865768253803,3.7631290033459664e-05
llama,qtsumm,noise_5_adversarial,17,0.0028481324575841426,3.352456726133824e-05
llama,qtsumm,noise_5_adversarial,18,0.002799270451068878,3.448025323450565e-05
llama,qtsumm,noise_5_adversarial,19,0.002795092035084963,3.67892999202013e-05
llama,qtsumm,noise_5_adversarial,20,0.0028231743350625037,3.8442844524979594e-05
llama,qtsumm,noise_5_adversarial,21,0.0028790995106101037,4.117930307984352e-05
llama,qtsumm,noise_5_adversarial,22,0.002918672300875187,4.401048645377159e-05
llama,qtsumm,noise_5_adversarial,23,0.002965804524719715,4.668289795517921e-05
llama,qtsumm,noise_5_adversarial,24,0.003015551306307316,5.177310667932033e-05
llama,qtsumm,noise_5_adversarial,25,0.003096652068197727,5.723533220589161e-05
llama,qtsumm,noise_5_adversarial,26,0.003215969372540712,6.037274375557899e-05
llama,qtsumm,noise_5_adversarial,27,0.0032566145621240137,6.42266497015953e-05
llama,qtsumm,noise_5_adversarial,28,0.0033064335212111473,6.666745990514755e-05
llama,qtsumm,noise_5_adversarial,29,0.003363819979131222,6.476325914263726e-05
llama,qtsumm,noise_5_adversarial,30,0.0035246128588914873,6.663626991212367e-05
llama,qtsumm,noise_5_adversarial,31,0.0035010020434856413,5.887198261916637e-05
llama,qtsumm,noise_5_adversarial,32,0.0033742376416921616,4.769522696733475e-05
qwen,squad,noise_1_character,0,0.04568830505013466,0.03127233130857349
qwen,squad,noise_1_character,1,0.038294552490115166,0.02165351439267397
qwen,squad,noise_1_character,2,0.0375065341591835,0.020092930793762207
qwen,squad,noise_1_character,3,0.040624793618917465,0.02150256815366447
qwen,squad,noise_1_character,4,0.04257942877709866,0.022789464564993978
qwen,squad,noise_1_character,5,0.042404410168528556,0.023315050452947617
qwen,squad,noise_1_character,6,0.04111432082951069,0.02284923425875604
qwen,squad,noise_1_character,7,0.040335359424352644,0.022358316238969566
qwen,squad,noise_1_character,8,0.04078002117574215,0.022493129353970288
qwen,squad,noise_1_character,9,0.039772823713719846,0.021819007117301226
qwen,squad,noise_1_character,10,0.03821808658540249,0.02089087652042508
qwen,squad,noise_1_character,11,0.0370731645077467,0.019393059788271785
qwen,squad,noise_1_character,12,0.03695295516401529,0.019807117758318782
qwen,squad,noise_1_character,13,0.036302690356969834,0.019208672558888792
qwen,squad,noise_1_character,14,0.0364992132037878,0.01932073340751231
qwen,squad,noise_1_character,15,0.0352163964509964,0.01836831965483725
qwen,squad,noise_1_character,16,0.03486867465078831,0.017931052539497613
qwen,squad,noise_1_character,17,0.03512265108525753,0.017887413771823048
qwen,squad,noise_1_character,18,0.034995719492435455,0.018082792554050684
qwen,squad,noise_1_character,19,0.03478140044957399,0.017900766720995307
qwen,squad,noise_1_character,20,0.03332671295851469,0.017063613031059504
qwen,squad,noise_1_character,21,0.033653165698051456,0.01737993225455284
qwen,squad,noise_1_character,22,0.033428875990211965,0.017081776782870293
qwen,squad,noise_1_character,23,0.03459271125495434,0.018363021221011876
qwen,squad,noise_1_character,24,0.03382490742951631,0.017246838267892597
qwen,squad,noise_1_character,25,0.0331003325805068,0.016371388081461193
qwen,squad,noise_1_character,26,0.03276505012065172,0.015346159022301435
qwen,squad,noise_1_character,27,0.03233722634613514,0.014769257446750998
qwen,squad,noise_1_character,28,0.033524615913629534,0.017866628896445035
qwen,squad,noise_2_word_dropout,0,0.0450302566587925,0.03105750061571598
qwen,squad,noise_2_word_dropout,1,0.036835805028676984,0.02134366698563099
qwen,squad,noise_2_word_dropout,2,0.03545923873782158,0.01979425742290914
qwen,squad,noise_2_word_dropout,3,0.036544258669018746,0.020445764288306235
qwen,squad,noise_2_word_dropout,4,0.0380595138669014,0.021789103699848055
qwen,squad,noise_2_word_dropout,5,0.038224760293960575,0.022271458841860294
qwen,squad,noise_2_word_dropout,6,0.038049103394150734,0.02195755281485617
qwen,squad,noise_2_word_dropout,7,0.03697785817086697,0.020810521310195326
qwen,squad,noise_2_word_dropout,8,0.03741609051823616,0.021313822343945504
qwen,squad,noise_2_word_dropout,9,0.03658615216612816,0.020321134394034743
qwen,squad,noise_2_word_dropout,10,0.034665542803704735,0.019007337410002947
qwen,squad,noise_2_word_dropout,11,0.03383745543658733,0.01792258657515049
qwen,squad,noise_2_word_dropout,12,0.034123191870749,0.018187103206291796
qwen,squad,noise_2_word_dropout,13,0.03348416119813919,0.017638858687132598
qwen,squad,noise_2_word_dropout,14,0.03399449221789837,0.017813633289188148
qwen,squad,noise_2_word_dropout,15,0.03278525568544865,0.01684302887879312
qwen,squad,noise_2_word_dropout,16,0.032770677134394646,0.016640937393531202
qwen,squad,noise_2_word_dropout,17,0.03308849446475506,0.01685207993723452
qwen,squad,noise_2_word_dropout,18,0.03304091528058052,0.016857304302975537
qwen,squad,noise_2_word_dropout,19,0.03301084190607071,0.017084143878892063
qwen,squad,noise_2_word_dropout,20,0.032407532818615435,0.01636874794960022
qwen,squad,noise_2_word_dropout,21,0.03296317499130964,0.017074011769145726
qwen,squad,noise_2_word_dropout,22,0.03246971618384123,0.016850974848493933
qwen,squad,noise_2_word_dropout,23,0.03289417639374733,0.017533050468191504
qwen,squad,noise_2_word_dropout,24,0.031217975467443468,0.01628532181493938
qwen,squad,noise_2_word_dropout,25,0.029610188826918602,0.014817193644121289
qwen,squad,noise_2_word_dropout,26,0.02867307562381029,0.013845248380675912
qwen,squad,noise_2_word_dropout,27,0.027892674542963503,0.012876117238774895
qwen,squad,noise_2_word_dropout,28,0.02757070891559124,0.012776978006586432
qwen,squad,noise_3_token_shuffle,0,0.016989241428673266,0.011652923412621021
qwen,squad,noise_3_token_shuffle,1,0.015532226450741291,0.008074958492070437
qwen,squad,noise_3_token_shuffle,2,0.015295570343732834,0.00749732481315732
qwen,squad,noise_3_token_shuffle,3,0.016329905204474925,0.007836596164852381
qwen,squad,noise_3_token_shuffle,4,0.018102496564388275,0.00865746165625751
qwen,squad,noise_3_token_shuffle,5,0.018698289692401886,0.008932050690054894
qwen,squad,noise_3_token_shuffle,6,0.018357746228575708,0.008781292112544178
qwen,squad,noise_3_token_shuffle,7,0.018449421152472497,0.008527307556942105
qwen,squad,noise_3_token_shuffle,8,0.0187570858374238,0.00864031033590436
qwen,squad,noise_3_token_shuffle,9,0.018609780296683313,0.0082730614207685
qwen,squad,noise_3_token_shuffle,10,0.017606857884675264,0.007706312527880073
qwen,squad,noise_3_token_shuffle,11,0.01690308129414916,0.00704692599363625
qwen,squad,noise_3_token_shuffle,12,0.016982430964708327,0.0072184127196669575
qwen,squad,noise_3_token_shuffle,13,0.01661792503669858,0.006963823745027184
qwen,squad,noise_3_token_shuffle,14,0.016755747497081756,0.006922632390633225
qwen,squad,noise_3_token_shuffle,15,0.01602267112582922,0.006500886101275682
qwen,squad,noise_3_token_shuffle,16,0.016043331678956746,0.006438748156651855
qwen,squad,noise_3_token_shuffle,17,0.016330446992069484,0.006526102749630809
qwen,squad,noise_3_token_shuffle,18,0.01644971650093794,0.006638528723269701
qwen,squad,noise_3_token_shuffle,19,0.016181807555258273,0.006521158823743462
qwen,squad,noise_3_token_shuffle,20,0.015284726172685623,0.005907852053642273
qwen,squad,noise_3_token_shuffle,21,0.015390168949961662,0.006016730712726712
qwen,squad,noise_3_token_shuffle,22,0.015015321262180805,0.005824174378067255
qwen,squad,noise_3_token_shuffle,23,0.015067688599228858,0.00601690461859107
qwen,squad,noise_3_token_shuffle,24,0.014212115481495858,0.005549316611140966
qwen,squad,noise_3_token_shuffle,25,0.013556604003533722,0.005011920630931854
qwen,squad,noise_3_token_shuffle,26,0.01317783779464662,0.004742621029727161
qwen,squad,noise_3_token_shuffle,27,0.012900286363437772,0.004487278875894844
qwen,squad,noise_3_token_shuffle,28,0.012924335654824972,0.005023761428892612
qwen,squad,noise_4_semantic,0,0.05804194077849388,0.040190622210502625
qwen,squad,noise_4_semantic,1,0.050854722037911415,0.029202416315674783
qwen,squad,noise_4_semantic,2,0.04903248235583305,0.027104372372850776
qwen,squad,noise_4_semantic,3,0.048852907046675685,0.027042900808155537
qwen,squad,noise_4_semantic,4,0.052476436272263526,0.030035459576174615
qwen,squad,noise_4_semantic,5,0.05261954784393311,0.03085347529500723
qwen,squad,noise_4_semantic,6,0.05079731322824955,0.030174748161807655
qwen,squad,noise_4_semantic,7,0.04995853751897812,0.02892352341674268
qwen,squad,noise_4_semantic,8,0.052577124759554866,0.03109849236905575
qwen,squad,noise_4_semantic,9,0.0521579808741808,0.030189389353618024
qwen,squad,noise_4_semantic,10,0.049998845458030704,0.02843495400622487
qwen,squad,noise_4_semantic,11,0.04927691094577313,0.027190211117267608
qwen,squad,noise_4_semantic,12,0.04936718344688416,0.02753730428405106
qwen,squad,noise_4_semantic,13,0.04848928421735763,0.026993354000151158
qwen,squad,noise_4_semantic,14,0.04916870653629303,0.0274155661650002
qwen,squad,noise_4_semantic,15,0.047813855037093164,0.026342081176117062
qwen,squad,noise_4_semantic,16,0.04759413816034794,0.026321678487583995
qwen,squad,noise_4_semantic,17,0.04841763511300087,0.02721489784307778
qwen,squad,noise_4_semantic,18,0.04848179951310158,0.02712097899056971
qwen,squad,noise_4_semantic,19,0.04888460241258144,0.026998072946444154
qwen,squad,noise_4_semantic,20,0.047943223267793655,0.027052288465201853
qwen,squad,noise_4_semantic,21,0.04876771256327629,0.027870857026427984
qwen,squad,noise_4_semantic,22,0.04853344216942787,0.02794748275540769
qwen,squad,noise_4_semantic,23,0.048577124774456026,0.028070802772417663
qwen,squad,noise_4_semantic,24,0.0459089320898056,0.025196041045710445
qwen,squad,noise_4_semantic,25,0.043507403843104836,0.022189941154792905
qwen,squad,noise_4_semantic,26,0.04160305872559547,0.019953945996239782
qwen,squad,noise_4_semantic,27,0.039578693211078646,0.017954797679558397
qwen,squad,noise_4_semantic,28,0.04080592554062605,0.01883856943808496
qwen,squad,noise_5_adversarial,0,0.012095003202557564,0.008064346956089138
qwen,squad,noise_5_adversarial,1,0.009957195399329067,0.004670549612492323
qwen,squad,noise_5_adversarial,2,0.009770704805850983,0.004202718567103148
qwen,squad,noise_5_adversarial,3,0.00994702810421586,0.004340883595868945
qwen,squad,noise_5_adversarial,4,0.010351497121155262,0.004694962296634912
qwen,squad,noise_5_adversarial,5,0.010607512854039668,0.004826859282329679
qwen,squad,noise_5_adversarial,6,0.010183750912547111,0.004610735438764096
qwen,squad,noise_5_adversarial,7,0.010113158971071243,0.00443688927218318
qwen,squad,noise_5_adversarial,8,0.01076209183782339,0.004933937638998032
qwen,squad,noise_5_adversarial,9,0.010647359974682332,0.004821118488907814
qwen,squad,noise_5_adversarial,10,0.010365583188831805,0.004512273175641894
qwen,squad,noise_5_adversarial,11,0.010299199596047401,0.004332967670634389
qwen,squad,noise_5_adversarial,12,0.010113399643450975,0.004226794121786952
qwen,squad,noise_5_adversarial,13,0.010153524205088615,0.004158106297254562
qwen,squad,noise_5_adversarial,14,0.009947063103318214,0.003936379170045257
qwen,squad,noise_5_adversarial,15,0.009804856181144714,0.003877209946513176
qwen,squad,noise_5_adversarial,16,0.009672587029635906,0.0037618859577924013
qwen,squad,noise_5_adversarial,17,0.01009642582386732,0.003963456433266402
qwen,squad,noise_5_adversarial,18,0.010255496762692929,0.004062378238886595
qwen,squad,noise_5_adversarial,19,0.010601518303155899,0.004250425966456532
qwen,squad,noise_5_adversarial,20,0.010330819152295589,0.004219444021582603
qwen,squad,noise_5_adversarial,21,0.010840248018503189,0.004609671281650662
qwen,squad,noise_5_adversarial,22,0.011415349431335925,0.004978102296590805
qwen,squad,noise_5_adversarial,23,0.011956985369324684,0.005292845284566283
qwen,squad,noise_5_adversarial,24,0.011875736974179745,0.0052365265134722
qwen,squad,noise_5_adversarial,25,0.01165378324687481,0.004818425383418799
qwen,squad,noise_5_adversarial,26,0.011471172980964183,0.004522935124114156
qwen,squad,noise_5_adversarial,27,0.011007406115531922,0.00394097512587905
qwen,squad,noise_5_adversarial,28,0.012774935737252236,0.00557323019951582
qwen,ms_marco,noise_1_character,0,0.08528412874788045,0.05837971704080701
qwen,ms_marco,noise_1_character,1,0.07069421250373126,0.039401644933968784
qwen,ms_marco,noise_1_character,2,0.07022393807768822,0.03662452289834619
qwen,ms_marco,noise_1_character,3,0.07871692132204772,0.0408556083124131
qwen,ms_marco,noise_1_character,4,0.08205108594149352,0.04295364580117166
qwen,ms_marco,noise_1_character,5,0.0797810360789299,0.04363246502354741
qwen,ms_marco,noise_1_character,6,0.07744258787482977,0.04282228049822152
qwen,ms_marco,noise_1_character,7,0.0751918170787394,0.04147275583818555
qwen,ms_marco,noise_1_character,8,0.07553836178034544,0.04083809124305844
qwen,ms_marco,noise_1_character,9,0.07381564257666469,0.03990500130690634
qwen,ms_marco,noise_1_character,10,0.07219580829143524,0.038927161674946545
qwen,ms_marco,noise_1_character,11,0.0690663168206811,0.03529862754978239
qwen,ms_marco,noise_1_character,12,0.06926469599828124,0.03619368242099881
qwen,ms_marco,noise_1_character,13,0.06874394992366434,0.03577789983712137
qwen,ms_marco,noise_1_character,14,0.0677560119703412,0.03484279422089458
qwen,ms_marco,noise_1_character,15,0.06649387288838625,0.03413290468975902
qwen,ms_marco,noise_1_character,16,0.06532693406566978,0.03289282186888158
qwen,ms_marco,noise_1_character,17,0.06601539764553309,0.03292769206687808
qwen,ms_marco,noise_1_character,18,0.06627466887235642,0.03379134073853493
qwen,ms_marco,noise_1_character,19,0.06498068910092115,0.032617723625153305
qwen,ms_marco,noise_1_character,20,0.06275880388915539,0.031323541486635804
qwen,ms_marco,noise_1_character,21,0.06400711860507727,0.03271717987023294
qwen,ms_marco,noise_1_character,22,0.06397776797413826,0.03251782003324479
qwen,ms_marco,noise_1_character,23,0.06628591829910874,0.03488493933808059
qwen,ms_marco,noise_1_character,24,0.06592633035033942,0.03368179330602288
qwen,ms_marco,noise_1_character,25,0.06468985714018345,0.03235733769834041
qwen,ms_marco,noise_1_character,26,0.06347503388300538,0.030121530215255918
qwen,ms_marco,noise_1_character,27,0.06250968437641859,0.028427949543111026
qwen,ms_marco,noise_1_character,28,0.06130232471972704,0.03126879335381091
qwen,ms_marco,noise_2_word_dropout,0,0.07675107412040233,0.052760789977766225
qwen,ms_marco,noise_2_word_dropout,1,0.062325504943728446,0.035226849471478625
qwen,ms_marco,noise_2_word_dropout,2,0.05989812538027763,0.03197527686778287
qwen,ms_marco,noise_2_word_dropout,3,0.06243631467223167,0.034344911117274106
qwen,ms_marco,noise_2_word_dropout,4,0.06471689000725746,0.036261029247688724
qwen,ms_marco,noise_2_word_dropout,5,0.06435945957899093,0.03660907698029938
qwen,ms_marco,noise_2_word_dropout,6,0.06364475920796395,0.03611956295344644
qwen,ms_marco,noise_2_word_dropout,7,0.06111253127455711,0.0335736904359227
qwen,ms_marco,noise_2_word_dropout,8,0.06135964833199978,0.03412355432368952
qwen,ms_marco,noise_2_word_dropout,9,0.060118142515420914,0.03282272169131703
qwen,ms_marco,noise_2_word_dropout,10,0.05796752512454986,0.03141836712052168
qwen,ms_marco,noise_2_word_dropout,11,0.05558796294033527,0.028800237602292496
qwen,ms_marco,noise_2_word_dropout,12,0.05633168496191501,0.02918425169177871
qwen,ms_marco,noise_2_word_dropout,13,0.05613001137971878,0.029043249812808262
qwen,ms_marco,noise_2_word_dropout,14,0.055681058764457704,0.02819763160243145
qwen,ms_marco,noise_2_word_dropout,15,0.055072094947099685,0.027578536786206146
qwen,ms_marco,noise_2_word_dropout,16,0.054557805582880974,0.0267271741776306
qwen,ms_marco,noise_2_word_dropout,17,0.05529196463525295,0.027262258807806958
qwen,ms_marco,noise_2_word_dropout,18,0.056133879125118254,0.02780422817576264
qwen,ms_marco,noise_2_word_dropout,19,0.054375300481915474,0.027032280814118792
qwen,ms_marco,noise_2_word_dropout,20,0.05386785864830017,0.026354800476719013
qwen,ms_marco,noise_2_word_dropout,21,0.055499622002243995,0.028093142176619068
qwen,ms_marco,noise_2_word_dropout,22,0.055420793518424036,0.028404036584628506
qwen,ms_marco,noise_2_word_dropout,23,0.05669978000223637,0.03007947224754692
qwen,ms_marco,noise_2_word_dropout,24,0.055033223256468776,0.02890547646164129
qwen,ms_marco,noise_2_word_dropout,25,0.053132649958133694,0.026923143103392624
qwen,ms_marco,noise_2_word_dropout,26,0.05151410080492497,0.025184279556684893
qwen,ms_marco,noise_2_word_dropout,27,0.049906483441591265,0.02316595669133015
qwen,ms_marco,noise_2_word_dropout,28,0.05101399566978216,0.024785553045463152
qwen,ms_marco,noise_3_token_shuffle,0,0.02296402595937252,0.015661703684681446
qwen,ms_marco,noise_3_token_shuffle,1,0.021415844447910785,0.010470451022686405
qwen,ms_marco,noise_3_token_shuffle,2,0.021503739226609468,0.009550042323912678
qwen,ms_marco,noise_3_token_shuffle,3,0.023350615464150907,0.01043318265294026
qwen,ms_marco,noise_3_token_shuffle,4,0.025239325165748595,0.010946247635986346
qwen,ms_marco,noise_3_token_shuffle,5,0.026303494945168496,0.011266945625594342
qwen,ms_marco,noise_3_token_shuffle,6,0.025929304584860802,0.011068945857903821
qwen,ms_marco,noise_3_token_shuffle,7,0.026026746220886708,0.01057178445055822
qwen,ms_marco,noise_3_token_shuffle,8,0.026076657604426144,0.010457410307469885
qwen,ms_marco,noise_3_token_shuffle,9,0.025810774210840465,0.01008261502105853
qwen,ms_marco,noise_3_token_shuffle,10,0.024713360629975797,0.0094412571070926
qwen,ms_marco,noise_3_token_shuffle,11,0.023468855395913125,0.00846934101888248
qwen,ms_marco,noise_3_token_shuffle,12,0.02393285181373358,0.008796551208225516
qwen,ms_marco,noise_3_token_shuffle,13,0.023651544526219367,0.008589923189072373
qwen,ms_marco,noise_3_token_shuffle,14,0.023580365255475043,0.008375505593225512
qwen,ms_marco,noise_3_token_shuffle,15,0.022854657415300607,0.007992571998960614
qwen,ms_marco,noise_3_token_shuffle,16,0.022970476876944302,0.007872251161642226
qwen,ms_marco,noise_3_token_shuffle,17,0.023288057949393988,0.00787725593394974
qwen,ms_marco,noise_3_token_shuffle,18,0.02356240764260292,0.008015875402483275
qwen,ms_marco,noise_3_token_shuffle,19,0.022466764971613883,0.00730619930817003
qwen,ms_marco,noise_3_token_shuffle,20,0.021249029617756605,0.006542499670712703
qwen,ms_marco,noise_3_token_shuffle,21,0.021500992886722088,0.006744242607583573
qwen,ms_marco,noise_3_token_shuffle,22,0.02104496967047453,0.006507578607193452
qwen,ms_marco,noise_3_token_shuffle,23,0.02112985070794821,0.006598811505667887
qwen,ms_marco,noise_3_token_shuffle,24,0.020133352261036633,0.006018681206743501
qwen,ms_marco,noise_3_token_shuffle,25,0.019354507941752672,0.005450832191603503
qwen,ms_marco,noise_3_token_shuffle,26,0.019034824669361114,0.005201713506677723
qwen,ms_marco,noise_3_token_shuffle,27,0.01878356106579304,0.004984633024424668
qwen,ms_marco,noise_3_token_shuffle,28,0.016693041529506444,0.004158629214171476
qwen,ms_marco,noise_4_semantic,0,0.10886526823043824,0.07501941485330463
qwen,ms_marco,noise_4_semantic,1,0.09493060037493706,0.053868979141116144
qwen,ms_marco,noise_4_semantic,2,0.0906176134943962,0.049644512906670574
qwen,ms_marco,noise_4_semantic,3,0.09146843552589416,0.05082934775389731
qwen,ms_marco,noise_4_semantic,4,0.09853259995579719,0.05686250553466379
qwen,ms_marco,noise_4_semantic,5,0.09893060825765133,0.05877445302903652
qwen,ms_marco,noise_4_semantic,6,0.09576270014047622,0.05791672410443425
qwen,ms_marco,noise_4_semantic,7,0.09345498576760292,0.05516991113312542
qwen,ms_marco,noise_4_semantic,8,0.09837949581444264,0.0596208478230983
qwen,ms_marco,noise_4_semantic,9,0.09843547150492668,0.05815459159202874
qwen,ms_marco,noise_4_semantic,10,0.0954700854420662,0.05553612918592989
qwen,ms_marco,noise_4_semantic,11,0.0925545934587717,0.05188492350280285
qwen,ms_marco,noise_4_semantic,12,0.09327101849019527,0.05253465911373496
qwen,ms_marco,noise_4_semantic,13,0.09302552625536918,0.05232652165926993
qwen,ms_marco,noise_4_semantic,14,0.09255693651735783,0.051389475241303446
qwen,ms_marco,noise_4_semantic,15,0.09142680644989014,0.050813573487102984
qwen,ms_marco,noise_4_semantic,16,0.09054562874138355,0.05022342915646732
qwen,ms_marco,noise_4_semantic,17,0.09238510921597481,0.05291566270403564
qwen,ms_marco,noise_4_semantic,18,0.09326009370386601,0.05341184213757515
qwen,ms_marco,noise_4_semantic,19,0.09286633521318435,0.05218201196752489
qwen,ms_marco,noise_4_semantic,20,0.0919012963026762,0.0530548900924623
qwen,ms_marco,noise_4_semantic,21,0.09336564436554909,0.05492428233847022
qwen,ms_marco,noise_4_semantic,22,0.09369323387742043,0.05588897967711091
qwen,ms_marco,noise_4_semantic,23,0.09357413977384567,0.05579436247237027
qwen,ms_marco,noise_4_semantic,24,0.08967855088412761,0.05158842844888568
qwen,ms_marco,noise_4_semantic,25,0.08563935123383999,0.04630186701193452
qwen,ms_marco,noise_4_semantic,26,0.08187974348664284,0.04140778550878167
qwen,ms_marco,noise_4_semantic,27,0.0774182666093111,0.03632998066954315
qwen,ms_marco,noise_4_semantic,28,0.07900431275367736,0.03574001744389534
qwen,ms_marco,noise_5_adversarial,0,0.032944347113370895,0.022906419858336448
qwen,ms_marco,noise_5_adversarial,1,0.029742962419986724,0.015045630652457476
qwen,ms_marco,noise_5_adversarial,2,0.02950577337294817,0.013760933270677924
qwen,ms_marco,noise_5_adversarial,3,0.031409033201634885,0.014671658892184495
qwen,ms_marco,noise_5_adversarial,4,0.033893775343894955,0.01590647586621344
qwen,ms_marco,noise_5_adversarial,5,0.032590309269726274,0.015930986674502493
qwen,ms_marco,noise_5_adversarial,6,0.029584780260920526,0.015157934725284577
qwen,ms_marco,noise_5_adversarial,7,0.029309595078229903,0.014632526133209468
qwen,ms_marco,noise_5_adversarial,8,0.03201135866343975,0.016517832055687905
qwen,ms_marco,noise_5_adversarial,9,0.032043713703751565,0.016324127027764916
qwen,ms_marco,noise_5_adversarial,10,0.03135014973580837,0.015524957897141575
qwen,ms_marco,noise_5_adversarial,11,0.030149038657546045,0.01445777527987957
qwen,ms_marco,noise_5_adversarial,12,0.029841907061636447,0.014445946058258415
qwen,ms_marco,noise_5_adversarial,13,0.029731347449123858,0.014124232698231936
qwen,ms_marco,noise_5_adversarial,14,0.02892759792506695,0.013332016505301
qwen,ms_marco,noise_5_adversarial,15,0.02831615835428238,0.013337201829999685
qwen,ms_marco,noise_5_adversarial,16,0.027543787695467472,0.01288612874224782
qwen,ms_marco,noise_5_adversarial,17,0.028598335087299347,0.01354227313771844
qwen,ms_marco,noise_5_adversarial,18,0.02876305494457483,0.013848915658891202
qwen,ms_marco,noise_5_adversarial,19,0.02961019992828369,0.014287559986114503
qwen,ms_marco,noise_5_adversarial,20,0.028257344327867032,0.013951009642332791
qwen,ms_marco,noise_5_adversarial,21,0.029252750910818578,0.014941777195781469
qwen,ms_marco,noise_5_adversarial,22,0.030166098587214946,0.01600626072846353
qwen,ms_marco,noise_5_adversarial,23,0.03145014513283968,0.016950067691504957
qwen,ms_marco,noise_5_adversarial,24,0.030875045768916608,0.01671488966792822
qwen,ms_marco,noise_5_adversarial,25,0.02979897301644087,0.015246393363922835
qwen,ms_marco,noise_5_adversarial,26,0.028596518076956273,0.01389545171521604
qwen,ms_marco,noise_5_adversarial,27,0.0269162680208683,0.012025488978251815
qwen,ms_marco,noise_5_adversarial,28,0.027306884080171585,0.014260552190244198
qwen,qtsumm,noise_1_character,0,0.0,-3.029592335224152e-08
qwen,qtsumm,noise_1_character,1,0.0005026759672909975,1.0803062468767166e-06
qwen,qtsumm,noise_1_character,2,0.0006031319405883551,1.49616040289402e-06
qwen,qtsumm,noise_1_character,3,0.0007107380591332913,2.0786002278327943e-06
qwen,qtsumm,noise_1_character,4,0.0008395956736057997,2.925032749772072e-06
qwen,qtsumm,noise_1_character,5,0.0009862793516367673,4.039965569972992e-06
qwen,qtsumm,noise_1_character,6,0.0010449640452861787,4.544444382190705e-06
qwen,qtsumm,noise_1_character,7,0.0011082705482840538,5.152598023414612e-06
qwen,qtsumm,noise_1_character,8,0.0011375115253031253,5.434872582554817e-06
qwen,qtsumm,noise_1_character,9,0.0012863215059041976,7.00823962688446e-06
qwen,qtsumm,noise_1_character,10,0.0013047095015645026,7.210774347186089e-06
qwen,qtsumm,noise_1_character,11,0.0013280444964766502,7.489165291190148e-06
qwen,qtsumm,noise_1_character,12,0.0014137305878102779,8.593788370490074e-06
qwen,qtsumm,noise_1_character,13,0.0014458087272942067,9.01252031326294e-06
qwen,qtsumm,noise_1_character,14,0.001441611722111702,8.92079435288906e-06
qwen,qtsumm,noise_1_character,15,0.001484438069164753,9.434092789888383e-06
qwen,qtsumm,noise_1_character,16,0.0015257488004863263,9.962646290659904e-06
qwen,qtsumm,noise_1_character,17,0.0015980053693056106,1.0921219363808632e-05
qwen,qtsumm,noise_1_character,18,0.0016731463745236397,1.2018065899610519e-05
qwen,qtsumm,noise_1_character,19,0.0016275030001997948,1.1370619758963585e-05
qwen,qtsumm,noise_1_character,20,0.001600972656160593,1.1043353006243705e-05
qwen,qtsumm,noise_1_character,21,0.0015589474514126778,1.0633729398250579e-05
qwen,qtsumm,noise_1_character,22,0.0015019111707806588,9.899642318487167e-06
qwen,qtsumm,noise_1_character,23,0.0015326650813221932,1.0527241975069047e-05
qwen,qtsumm,noise_1_character,24,0.0015444505587220191,1.0991794988512993e-05
qwen,qtsumm,noise_1_character,25,0.0015488248877227307,1.1170348152518272e-05
qwen,qtsumm,noise_1_character,26,0.0015267197228968144,1.0629408061504364e-05
qwen,qtsumm,noise_1_character,27,0.0015727027133107185,1.0938532650470734e-05
qwen,qtsumm,noise_1_character,28,0.0015458834543824196,1.0634399950504303e-05
qwen,qtsumm,noise_2_word_dropout,0,0.0,-3.029592335224152e-08
qwen,qtsumm,noise_2_word_dropout,1,0.0005457104276865721,1.3025011867284774e-06
qwen,qtsumm,noise_2_word_dropout,2,0.0006341137550771236,1.6626901924610138e-06
qwen,qtsumm,noise_2_word_dropout,3,0.0007292751502245664,2.185571938753128e-06
qwen,qtsumm,noise_2_word_dropout,4,0.0008587490022182464,3.037154674530029e-06
qwen,qtsumm,noise_2_word_dropout,5,0.000996769703924656,4.115412011742592e-06
qwen,qtsumm,noise_2_word_dropout,6,0.0010404259711503982,4.5017153024673465e-06
qwen,qtsumm,noise_2_word_dropout,7,0.001102168746292591,5.087954923510551e-06
qwen,qtsumm,noise_2_word_dropout,8,0.0011363285034894943,5.4164417088031766e-06
qwen,qtsumm,noise_2_word_dropout,9,0.0012768835201859474,6.897039711475373e-06
qwen,qtsumm,noise_2_word_dropout,10,0.0012794833444058895,6.880788132548332e-06
qwen,qtsumm,noise_2_word_dropout,11,0.0012985783070325852,7.079513743519783e-06
qwen,qtsumm,noise_2_word_dropout,12,0.0013856818713247777,8.098231628537178e-06
qwen,qtsumm,noise_2_word_dropout,13,0.001431403085589409,8.696001023054123e-06
qwen,qtsumm,noise_2_word_dropout,14,0.001429939791560173,8.698711171746254e-06
qwen,qtsumm,noise_2_word_dropout,15,0.001475186124444008,9.295213967561722e-06
qwen,qtsumm,noise_2_word_dropout,16,0.0015186538361012935,9.849704802036286e-06
qwen,qtsumm,noise_2_word_dropout,17,0.001596322301775217,1.0907296091318131e-05
qwen,qtsumm,noise_2_word_dropout,18,0.0016665477491915226,1.197771169245243e-05
qwen,qtsumm,noise_2_word_dropout,19,0.0016185414232313634,1.1313837021589279e-05
qwen,qtsumm,noise_2_word_dropout,20,0.0016024885699152946,1.1140480637550354e-05
qwen,qtsumm,noise_2_word_dropout,21,0.0015548044070601463,1.0588858276605607e-05
qwen,qtsumm,noise_2_word_dropout,22,0.0014987068437039852,9.893467649817467e-06
qwen,qtsumm,noise_2_word_dropout,23,0.001527332216501236,1.038326881825924e-05
qwen,qtsumm,noise_2_word_dropout,24,0.001535206399857998,1.0549193248152733e-05
qwen,qtsumm,noise_2_word_dropout,25,0.0015420707315206528,1.0691657662391663e-05
qwen,qtsumm,noise_2_word_dropout,26,0.0015405839681625366,1.0598190128803253e-05
qwen,qtsumm,noise_2_word_dropout,27,0.0015826014243066312,1.0835612192749977e-05
qwen,qtsumm,noise_2_word_dropout,28,0.0015486029908061028,1.0757492855191231e-05
qwen,qtsumm,noise_3_token_shuffle,0,0.0,-3.029592335224152e-08
qwen,qtsumm,noise_3_token_shuffle,1,0.0,-2.1327286958694457e-08
qwen,qtsumm,noise_3_token_shuffle,2,0.0,-2.705492079257965e-08
qwen,qtsumm,noise_3_token_shuffle,3,0.0,-2.562999725341797e-08
qwen,qtsumm,noise_3_token_shuffle,4,0.0,-2.230517566204071e-08
qwen,qtsumm,noise_3_token_shuffle,5,0.0,-2.3739412426948546e-08
qwen,qtsumm,noise_3_token_shuffle,6,0.0,-2.318061888217926e-08
qwen,qtsumm,noise_3_token_shuffle,7,0.0,-2.078711986541748e-08
qwen,qtsumm,noise_3_token_shuffle,8,0.0,-2.3189932107925414e-08
qwen,qtsumm,noise_3_token_shuffle,9,0.0,-1.70338898897171e-08
qwen,qtsumm,noise_3_token_shuffle,10,0.0,-2.1671876311302185e-08
qwen,qtsumm,noise_3_token_shuffle,11,0.0,-1.955777406692505e-08
qwen,qtsumm,noise_3_token_shuffle,12,0.0,-2.1848827600479127e-08
qwen,qtsumm,noise_3_token_shuffle,13,0.0,-2.4996697902679443e-08
qwen,qtsumm,noise_3_token_shuffle,14,0.0,-2.4763867259025574e-08
qwen,qtsumm,noise_3_token_shuffle,15,0.0,-2.7036294341087342e-08
qwen,qtsumm,noise_3_token_shuffle,16,0.0,-2.4754554033279417e-08
qwen,qtsumm,noise_3_token_shuffle,17,0.0,-2.8498470783233644e-08
qwen,qtsumm,noise_3_token_shuffle,18,0.0,-2.294778823852539e-08
qwen,qtsumm,noise_3_token_shuffle,19,0.0,-2.5155022740364076e-08
qwen,qtsumm,noise_3_token_shuffle,20,0.0,-2.3581087589263916e-08
qwen,qtsumm,noise_3_token_shuffle,21,0.0,-2.1774321794509887e-08
qwen,qtsumm,noise_3_token_shuffle,22,0.0,-2.289190888404846e-08
qwen,qtsumm,noise_3_token_shuffle,23,0.0,-1.3746321201324463e-08
qwen,qtsumm,noise_3_token_shuffle,24,0.0,-1.2367963790893554e-08
qwen,qtsumm,noise_3_token_shuffle,25,0.0,-1.3783574104309083e-08
qwen,qtsumm,noise_3_token_shuffle,26,0.0,-1.0784715414047241e-08
qwen,qtsumm,noise_3_token_shuffle,27,0.0,-1.1939555406570435e-08
qwen,qtsumm,noise_3_token_shuffle,28,0.0,-2.8032809495925905e-08
qwen,qtsumm,noise_4_semantic,0,0.0,-3.029592335224152e-08
qwen,qtsumm,noise_4_semantic,1,0.0004186887014657259,9.025074541568756e-07
qwen,qtsumm,noise_4_semantic,2,0.0005025613214820623,1.2437906116247177e-06
qwen,qtsumm,noise_4_semantic,3,0.0005927996430546045,1.7310306429862977e-06
qwen,qtsumm,noise_4_semantic,4,0.0007011319976300001,2.4437904357910156e-06
qwen,qtsumm,noise_4_semantic,5,0.0008264730777591467,3.3962447196245194e-06
qwen,qtsumm,noise_4_semantic,6,0.0008772136643528938,3.834450617432594e-06
qwen,qtsumm,noise_4_semantic,7,0.0009269346855580807,4.317611455917358e-06
qwen,qtsumm,noise_4_semantic,8,0.0009510198049247265,4.5553594827651975e-06
qwen,qtsumm,noise_4_semantic,9,0.0010788783058524132,5.91975636780262e-06
qwen,qtsumm,noise_4_semantic,10,0.0010953635536134242,6.105965003371238e-06
qwen,qtsumm,noise_4_semantic,11,0.0011175842210650443,6.375573575496674e-06
qwen,qtsumm,noise_4_semantic,12,0.0011911468766629696,7.344391196966171e-06
qwen,qtsumm,noise_4_semantic,13,0.0012154479511082173,7.662400603294373e-06
qwen,qtsumm,noise_4_semantic,14,0.0012053156644105912,7.497118785977364e-06
qwen,qtsumm,noise_4_semantic,15,0.0012431303784251214,7.943734526634217e-06
qwen,qtsumm,noise_4_semantic,16,0.0012749098055064678,8.350489661097527e-06
qwen,qtsumm,noise_4_semantic,17,0.0013323479518294334,9.102746844291687e-06
qwen,qtsumm,noise_4_semantic,18,0.0013909715786576272,9.95897687971592e-06
qwen,qtsumm,noise_4_semantic,19,0.0013486161269247532,9.348420426249505e-06
qwen,qtsumm,noise_4_semantic,20,0.0013315335661172867,9.135697036981582e-06
qwen,qtsumm,noise_4_semantic,21,0.00129707682877779,8.806018158793449e-06
qwen,qtsumm,noise_4_semantic,22,0.0012572111934423447,8.312342688441276e-06
qwen,qtsumm,noise_4_semantic,23,0.001290195845067501,8.95962119102478e-06
qwen,qtsumm,noise_4_semantic,24,0.0013100183382630348,9.530223906040192e-06
qwen,qtsumm,noise_4_semantic,25,0.0013175156712532043,9.75780189037323e-06
qwen,qtsumm,noise_4_semantic,26,0.001295329313725233,9.245183318853379e-06
qwen,qtsumm,noise_4_semantic,27,0.001331290788948536,9.478656575083732e-06
qwen,qtsumm,noise_4_semantic,28,0.0012893391959369182,8.752336725592613e-06
qwen,qtsumm,noise_5_adversarial,0,0.0,-3.029592335224152e-08
qwen,qtsumm,noise_5_adversarial,1,0.0005786398658528924,1.2913718819618224e-06
qwen,qtsumm,noise_5_adversarial,2,0.0007000604970380664,1.7590448260307312e-06
qwen,qtsumm,noise_5_adversarial,3,0.0008298160694539547,2.4422071874141695e-06
qwen,qtsumm,noise_5_adversarial,4,0.0009818106144666673,3.439532592892647e-06
qwen,qtsumm,noise_5_adversarial,5,0.001146122133359313,4.678843542933464e-06
qwen,qtsumm,noise_5_adversarial,6,0.0012092552334070205,5.227737128734588e-06
qwen,qtsumm,noise_5_adversarial,7,0.0012887056171894075,5.989382043480873e-06
qwen,qtsumm,noise_5_adversarial,8,0.0013290618918836118,6.3820276409387585e-06
qwen,qtsumm,noise_5_adversarial,9,0.0014930593594908715,8.086524903774262e-06
qwen,qtsumm,noise_5_adversarial,10,0.0015068628452718257,8.186902850866318e-06
qwen,qtsumm,noise_5_adversarial,11,0.0015267586708068847,8.37966799736023e-06
qwen,qtsumm,noise_5_adversarial,12,0.0016159980371594428,9.442446753382683e-06
qwen,qtsumm,noise_5_adversarial,13,0.0016538715176284313,9.921528398990631e-06
qwen,qtsumm,noise_5_adversarial,14,0.0016521774604916573,9.919367730617523e-06
qwen,qtsumm,noise_5_adversarial,15,0.0017028582468628884,1.0553915053606034e-05
qwen,qtsumm,noise_5_adversarial,16,0.001751025002449751,1.1172294616699219e-05
qwen,qtsumm,noise_5_adversarial,17,0.0018324240110814572,1.2250067666172981e-05
qwen,qtsumm,noise_5_adversarial,18,0.0019185023941099644,1.35056022554636e-05
qwen,qtsumm,noise_5_adversarial,19,0.001865733377635479,1.2818090617656707e-05
qwen,qtsumm,noise_5_adversarial,20,0.0018365206755697728,1.2491121888160705e-05
qwen,qtsumm,noise_5_adversarial,21,0.001786915473639965,1.2057758867740631e-05
qwen,qtsumm,noise_5_adversarial,22,0.0017254529893398285,1.1321036145091058e-05
qwen,qtsumm,noise_5_adversarial,23,0.0017538422159850597,1.1929143220186233e-05
qwen,qtsumm,noise_5_adversarial,24,0.0017700465396046638,1.2442599982023239e-05
qwen,qtsumm,noise_5_adversarial,25,0.0017823979444801807,1.2703984975814819e-05
qwen,qtsumm,noise_5_adversarial,26,0.0017613378539681436,1.2144725769758224e-05
qwen,qtsumm,noise_5_adversarial,27,0.0018163872696459293,1.251421868801117e-05
qwen,qtsumm,noise_5_adversarial,28,0.0018048362620174884,1.2467652559280396e-05
gemma,squad,noise_1_character,0,0.045519999712705615,0.028489074008539318
gemma,squad,noise_1_character,1,0.045896476269699636,0.026037761382758616
gemma,squad,noise_1_character,2,0.0496538935508579,0.02610985590144992
gemma,squad,noise_1_character,3,0.04792254525236785,0.023379323333501817
gemma,squad,noise_1_character,4,0.051898908726871015,0.025217735646292566
gemma,squad,noise_1_character,5,0.0486798675917089,0.023416326884180307
gemma,squad,noise_1_character,6,0.0465023444313556,0.02298642442561686
gemma,squad,noise_1_character,7,0.04625904891639948,0.022148509100079535
gemma,squad,noise_1_character,8,0.04398439668118954,0.021585669619962573
gemma,squad,noise_1_character,9,0.04341711316257715,0.021770561849698424
gemma,squad,noise_1_character,10,0.04136967854574323,0.020017756056040524
gemma,squad,noise_1_character,11,0.04134570823982358,0.020177170727401973
gemma,squad,noise_1_character,12,0.03985031608492136,0.018117611175403
gemma,squad,noise_1_character,13,0.03970458327792585,0.01761948462575674
gemma,squad,noise_1_character,14,0.03834789168089628,0.017424721764400602
gemma,squad,noise_1_character,15,0.03709009697660804,0.0161353506334126
gemma,squad,noise_1_character,16,0.03645077948458493,0.0146999441832304
gemma,squad,noise_1_character,17,0.03659104391932488,0.015150182936340571
gemma,squad,noise_1_character,18,0.0351531825773418,0.01538569163531065
gemma,squad,noise_1_character,19,0.03385486881248653,0.013984224665910006
gemma,squad,noise_1_character,20,0.03290068696253002,0.013132217777892948
gemma,squad,noise_1_character,21,0.03220778660848737,0.012896209731698036
gemma,squad,noise_1_character,22,0.03084101659245789,0.011964712599292398
gemma,squad,noise_1_character,23,0.0308040689304471,0.011703884303569794
gemma,squad,noise_1_character,24,0.029272232055664062,0.01081176864914596
gemma,squad,noise_1_character,25,0.029819669015705586,0.011427276013419032
gemma,squad,noise_1_character,26,0.029789920831099152,0.011387057788670062
gemma,squad,noise_1_character,27,0.02912905695848167,0.01074758161790669
gemma,squad,noise_1_character,28,0.03003981471993029,0.011669530849903822
gemma,squad,noise_1_character,29,0.03145008555613458,0.012542568370699883
gemma,squad,noise_1_character,30,0.031020859163254498,0.012510106628760696
gemma,squad,noise_1_character,31,0.031697789700701834,0.013174381796270609
gemma,squad,noise_1_character,32,0.031255087526515124,0.012731856470927595
gemma,squad,noise_1_character,33,0.031331528946757316,0.012738009979948402
gemma,squad,noise_1_character,34,0.031581348851323125,0.012626707218587399
gemma,squad,noise_1_character,35,0.03142879348248243,0.012323543010279537
gemma,squad,noise_1_character,36,0.03166690967977047,0.01231487317942083
gemma,squad,noise_1_character,37,0.03156199838966131,0.012144168503582478
gemma,squad,noise_1_character,38,0.03266442824155092,0.012768312068656086
gemma,squad,noise_1_character,39,0.03299688821658492,0.012721962751820684
gemma,squad,noise_1_character,40,0.03244871979579329,0.012250390835106373
gemma,squad,noise_1_character,41,0.03302090276032686,0.012218243684619665
gemma,squad,noise_1_character,42,0.04624190865084529,0.02458524378016591
gemma,squad,noise_2_word_dropout,0,0.04612002234905958,0.028721577217802406
gemma,squad,noise_2_word_dropout,1,0.04529842148534954,0.026386734852567314
gemma,squad,noise_2_word_dropout,2,0.04679477327503264,0.02674476428888738
gemma,squad,noise_2_word_dropout,3,0.04456481963396072,0.023663778472691775
gemma,squad,noise_2_word_dropout,4,0.046305526588112114,0.02503621542826295
gemma,squad,noise_2_word_dropout,5,0.043890316765755416,0.022914030132815243
gemma,squad,noise_2_word_dropout,6,0.04288100002333522,0.02227826725691557
gemma,squad,noise_2_word_dropout,7,0.04181140356697142,0.021417897138744594
gemma,squad,noise_2_word_dropout,8,0.040856257006525995,0.020622769137844443
gemma,squad,noise_2_word_dropout,9,0.04063100314699113,0.02085945432074368
gemma,squad,noise_2_word_dropout,10,0.039020940018817785,0.01944091698154807
gemma,squad,noise_2_word_dropout,11,0.038984374087303875,0.019272798197343944
gemma,squad,noise_2_word_dropout,12,0.037516998993232846,0.017559238728135824
gemma,squad,noise_2_word_dropout,13,0.03754094509407878,0.017246106415987016
gemma,squad,noise_2_word_dropout,14,0.03650864615105093,0.016206244016066195
gemma,squad,noise_2_word_dropout,15,0.035450620334595444,0.015212103677913546
gemma,squad,noise_2_word_dropout,16,0.034943489395081996,0.014299278212711215
gemma,squad,noise_2_word_dropout,17,0.03515666318126023,0.014655487239360809
gemma,squad,noise_2_word_dropout,18,0.03373572907410562,0.013885889481753112
gemma,squad,noise_2_word_dropout,19,0.033080210387706754,0.013039307668805122
gemma,squad,noise_2_word_dropout,20,0.032257940778508784,0.012277583591639996
gemma,squad,noise_2_word_dropout,21,0.031671615168452266,0.011969861052930355
gemma,squad,noise_2_word_dropout,22,0.0306865094602108,0.011158439014106989
gemma,squad,noise_2_word_dropout,23,0.031097945012152194,0.011191070340573787
gemma,squad,noise_2_word_dropout,24,0.02996133298613131,0.010180113380774855
gemma,squad,noise_2_word_dropout,25,0.030011373460292815,0.010679551307111979
gemma,squad,noise_2_word_dropout,26,0.029756048433482646,0.010590461008250713
gemma,squad,noise_2_word_dropout,27,0.02967489310540259,0.010956926280632615
gemma,squad,noise_2_word_dropout,28,0.030300922468304636,0.011475996505469084
gemma,squad,noise_2_word_dropout,29,0.03148932049050927,0.012377816177904606
gemma,squad,noise_2_word_dropout,30,0.031182703878730535,0.012300574593245983
gemma,squad,noise_2_word_dropout,31,0.0317284279409796,0.01271722663193941
gemma,squad,noise_2_word_dropout,32,0.031175226932391525,0.012325168401002885
gemma,squad,noise_2_word_dropout,33,0.03109889607876539,0.012284038122743368
gemma,squad,noise_2_word_dropout,34,0.031281109610572455,0.012338670240715145
gemma,squad,noise_2_word_dropout,35,0.030850578295066954,0.01187284842133522
gemma,squad,noise_2_word_dropout,36,0.030756738530471922,0.011820723926648498
gemma,squad,noise_2_word_dropout,37,0.030203270222991706,0.01129854829981923
gemma,squad,noise_2_word_dropout,38,0.030525346295908095,0.011623722342774272
gemma,squad,noise_2_word_dropout,39,0.030839657420292498,0.011785814659669996
gemma,squad,noise_2_word_dropout,40,0.030143674071878193,0.011181847369298338
gemma,squad,noise_2_word_dropout,41,0.03029817631468177,0.011306846216320991
gemma,squad,noise_2_word_dropout,42,0.04366774026304483,0.022126672649756075
gemma,squad,noise_3_token_shuffle,0,0.014280925206840038,0.008945974139496684
gemma,squad,noise_3_token_shuffle,1,0.015140271037817002,0.008435105588287115
gemma,squad,noise_3_token_shuffle,2,0.01578060142695904,0.008315053582191468
gemma,squad,noise_3_token_shuffle,3,0.015699542202055453,0.0076999732013791795
gemma,squad,noise_3_token_shuffle,4,0.017461196072399616,0.008252145405858755
gemma,squad,noise_3_token_shuffle,5,0.017451754957437515,0.007776201320812106
gemma,squad,noise_3_token_shuffle,6,0.017287041582167147,0.007590816840529441
gemma,squad,noise_3_token_shuffle,7,0.017706804648041724,0.007427583849057555
gemma,squad,noise_3_token_shuffle,8,0.017333259619772435,0.007220389759168029
gemma,squad,noise_3_token_shuffle,9,0.01761319939047098,0.007394114667549729
gemma,squad,noise_3_token_shuffle,10,0.016921351291239263,0.006806609006598591
gemma,squad,noise_3_token_shuffle,11,0.017076140083372594,0.006893958989530801
gemma,squad,noise_3_token_shuffle,12,0.01657737109810114,0.006312650311738253
gemma,squad,noise_3_token_shuffle,13,0.016658048927783966,0.006261106543242931
gemma,squad,noise_3_token_shuffle,14,0.016025511361658574,0.00597737330943346
gemma,squad,noise_3_token_shuffle,15,0.01574467562139034,0.005600135782733559
gemma,squad,noise_3_token_shuffle,16,0.015592004768550397,0.005236711474135518
gemma,squad,noise_3_token_shuffle,17,0.01617796525359154,0.005497334385290742
gemma,squad,noise_3_token_shuffle,18,0.01516534548252821,0.005227053686976433
gemma,squad,noise_3_token_shuffle,19,0.014824071936309337,0.004889509240165353
gemma,squad,noise_3_token_shuffle,20,0.014292013049125672,0.0044994620326906445
gemma,squad,noise_3_token_shuffle,21,0.014095667861402034,0.004401132101193071
gemma,squad,noise_3_token_shuffle,22,0.013517007753252984,0.004004752319306135
gemma,squad,noise_3_token_shuffle,23,0.013463504556566476,0.0038895732630044224
gemma,squad,noise_3_token_shuffle,24,0.012803370524197817,0.0035241330601274968
gemma,squad,noise_3_token_shuffle,25,0.012884928472340107,0.0035938054975122214
gemma,squad,noise_3_token_shuffle,26,0.01266541501507163,0.0035034090653061865
gemma,squad,noise_3_token_shuffle,27,0.012502929307520389,0.0034539552871137857
gemma,squad,noise_3_token_shuffle,28,0.012559322733432054,0.00356309873983264
gemma,squad,noise_3_token_shuffle,29,0.012970341760665178,0.0038309422135353087
gemma,squad,noise_3_token_shuffle,30,0.012513888869434595,0.0036320071946829556
gemma,squad,noise_3_token_shuffle,31,0.012693418003618718,0.0037917575845494867
gemma,squad,noise_3_token_shuffle,32,0.012471598237752915,0.0036970258364453913
gemma,squad,noise_3_token_shuffle,33,0.012421737667173147,0.0037209462700411675
gemma,squad,noise_3_token_shuffle,34,0.012520510144531727,0.0037452251045033335
gemma,squad,noise_3_token_shuffle,35,0.01236188381910324,0.003639811538159847
gemma,squad,noise_3_token_shuffle,36,0.012275745756924153,0.0036197703471407294
gemma,squad,noise_3_token_shuffle,37,0.01210223002359271,0.0035337700089439748
gemma,squad,noise_3_token_shuffle,38,0.01218575645238161,0.003549952465109527
gemma,squad,noise_3_token_shuffle,39,0.012193183097988367,0.0035954865254461763
gemma,squad,noise_3_token_shuffle,40,0.012053719619289041,0.0034703073184937237
gemma,squad,noise_3_token_shuffle,41,0.012215007077902556,0.0036535493703559042
gemma,squad,noise_3_token_shuffle,42,0.017641719467937945,0.007148770401254296
gemma,squad,noise_4_semantic,0,0.057609145939350126,0.03612148089334369
gemma,squad,noise_4_semantic,1,0.05802203597035259,0.03347341289743781
gemma,squad,noise_4_semantic,2,0.06148464646190405,0.0342737849149853
gemma,squad,noise_4_semantic,3,0.05928836358711123,0.031472955271601676
gemma,squad,noise_4_semantic,4,0.06259000827558339,0.03327268920838833
gemma,squad,noise_4_semantic,5,0.05901178646832705,0.030769842378795147
gemma,squad,noise_4_semantic,6,0.05868849978782237,0.03079825551249087
gemma,squad,noise_4_semantic,7,0.05883804965764284,0.03019125133752823
gemma,squad,noise_4_semantic,8,0.057281919931992886,0.029250200176611542
gemma,squad,noise_4_semantic,9,0.057278683837503196,0.02958341708406806
gemma,squad,noise_4_semantic,10,0.05458441922441125,0.02753508877940476
gemma,squad,noise_4_semantic,11,0.05468855443410575,0.02764766614884138
gemma,squad,noise_4_semantic,12,0.052993211299180984,0.025850374940782784
gemma,squad,noise_4_semantic,13,0.052884537521749736,0.02552691174671054
gemma,squad,noise_4_semantic,14,0.05089175662957132,0.02413197294808924
gemma,squad,noise_4_semantic,15,0.049126499723643066,0.022634744355455042
gemma,squad,noise_4_semantic,16,0.04824418955482543,0.02149053743109107
gemma,squad,noise_4_semantic,17,0.04777372721582651,0.0211007182020694
gemma,squad,noise_4_semantic,18,0.0467635409720242,0.020448551569133996
gemma,squad,noise_4_semantic,19,0.045565349105745556,0.019263892220333218
gemma,squad,noise_4_semantic,20,0.044312364384531976,0.018278825925663114
gemma,squad,noise_4_semantic,21,0.043185700047761205,0.01751388351432979
gemma,squad,noise_4_semantic,22,0.04164736744016409,0.016274979235604406
gemma,squad,noise_4_semantic,23,0.04212789000943303,0.01662047952413559
gemma,squad,noise_4_semantic,24,0.03976347115822136,0.014781400198116898
gemma,squad,noise_4_semantic,25,0.04063947302289307,0.015185111267492175
gemma,squad,noise_4_semantic,26,0.041069658929482104,0.015463083414360881
gemma,squad,noise_4_semantic,27,0.04156407087109983,0.015605889037251472
gemma,squad,noise_4_semantic,28,0.04253321129828692,0.016271265679970382
gemma,squad,noise_4_semantic,29,0.043868325231596825,0.017288881465792657
gemma,squad,noise_4_semantic,30,0.043542400356382134,0.016958519341424106
gemma,squad,noise_4_semantic,31,0.0443137776106596,0.01757470683194697
gemma,squad,noise_4_semantic,32,0.04383640010841191,0.016878794049844145
gemma,squad,noise_4_semantic,33,0.043723175022751096,0.016765528796240686
gemma,squad,noise_4_semantic,34,0.04407903546467423,0.016995458779856563
gemma,squad,noise_4_semantic,35,0.04344858445227146,0.016361922789365053
gemma,squad,noise_4_semantic,36,0.04334626693278551,0.016386390123516323
gemma,squad,noise_4_semantic,37,0.042499129101634024,0.015651831245049833
gemma,squad,noise_4_semantic,38,0.04298372343182564,0.016090453807264565
gemma,squad,noise_4_semantic,39,0.043206786625087264,0.016429074043408036
gemma,squad,noise_4_semantic,40,0.04202204005792737,0.01547558855265379
gemma,squad,noise_4_semantic,41,0.041930907592177394,0.015620695175603033
gemma,squad,noise_4_semantic,42,0.059234770163893696,0.02962805425748229
gemma,squad,noise_5_adversarial,0,0.01191665679216385,0.007646937314420938
gemma,squad,noise_5_adversarial,1,0.013351568840444089,0.006560525614768267
gemma,squad,noise_5_adversarial,2,0.016580628398805856,0.007071235915645957
gemma,squad,noise_5_adversarial,3,0.015449019921943545,0.006232014903798699
gemma,squad,noise_5_adversarial,4,0.017095940690487622,0.006868200805038214
gemma,squad,noise_5_adversarial,5,0.0157642615865916,0.0062585486751049755
gemma,squad,noise_5_adversarial,6,0.015790626863017677,0.006244154768064618
gemma,squad,noise_5_adversarial,7,0.0162353908829391,0.006089615086093545
gemma,squad,noise_5_adversarial,8,0.015555234421044587,0.00594423295930028
gemma,squad,noise_5_adversarial,9,0.015787654612213372,0.00600877040065825
gemma,squad,noise_5_adversarial,10,0.015080956630408765,0.005691116135567427
gemma,squad,noise_5_adversarial,11,0.015201963046565651,0.005710284216329456
gemma,squad,noise_5_adversarial,12,0.014973233817145229,0.0052877189218997955
gemma,squad,noise_5_adversarial,13,0.015189843829721212,0.005254997555166483
gemma,squad,noise_5_adversarial,14,0.014482037182897329,0.005061606504023075
gemma,squad,noise_5_adversarial,15,0.014146863231435419,0.004993093451485037
gemma,squad,noise_5_adversarial,16,0.014048892436549068,0.004719528127461672
gemma,squad,noise_5_adversarial,17,0.013984771780669689,0.004437119504436851
gemma,squad,noise_5_adversarial,18,0.013677535820752382,0.004316931189969182
gemma,squad,noise_5_adversarial,19,0.013243834972381591,0.004128053281456232
gemma,squad,noise_5_adversarial,20,0.012985080219805241,0.0039077329356223345
gemma,squad,noise_5_adversarial,21,0.01279171514324844,0.003581143505871296
gemma,squad,noise_5_adversarial,22,0.012235623225569725,0.00339407442137599
gemma,squad,noise_5_adversarial,23,0.012360550854355097,0.0034968331549316643
gemma,squad,noise_5_adversarial,24,0.011410802211612463,0.003044020663946867
gemma,squad,noise_5_adversarial,25,0.01184776688925922,0.0032375394366681576
gemma,squad,noise_5_adversarial,26,0.012136826347559691,0.0034299323428422213
gemma,squad,noise_5_adversarial,27,0.01237550682388246,0.0034208967816084625
gemma,squad,noise_5_adversarial,28,0.012369389636442065,0.003562670163810253
gemma,squad,noise_5_adversarial,29,0.012781451055780053,0.003741746759042144
gemma,squad,noise_5_adversarial,30,0.01267464306205511,0.003737134477123618
gemma,squad,noise_5_adversarial,31,0.01293696265667677,0.0037602318823337557
gemma,squad,noise_5_adversarial,32,0.01283117886632681,0.0036517100781202315
gemma,squad,noise_5_adversarial,33,0.012848761612549425,0.0035384909342974424
gemma,squad,noise_5_adversarial,34,0.01302286446094513,0.0035672963690012694
gemma,squad,noise_5_adversarial,35,0.012945504011586308,0.0034393913112580774
gemma,squad,noise_5_adversarial,36,0.012878034468740225,0.003330500954762101
gemma,squad,noise_5_adversarial,37,0.012748989835381508,0.0031640364602208136
gemma,squad,noise_5_adversarial,38,0.01309056444093585,0.0033647180907428265
gemma,squad,noise_5_adversarial,39,0.012967100152745843,0.0033230248745530844
gemma,squad,noise_5_adversarial,40,0.01274314533919096,0.0031651518307626247
gemma,squad,noise_5_adversarial,41,0.013049602368846535,0.0033538228459656237
gemma,squad,noise_5_adversarial,42,0.01872675996273756,0.0068793058488518
gemma,ms_marco,noise_1_character,0,0.07712761104106904,0.04893404668197036
gemma,ms_marco,noise_1_character,1,0.07800674038939177,0.0449591354187578
gemma,ms_marco,noise_1_character,2,0.08561231195926666,0.04518498466350138
gemma,ms_marco,noise_1_character,3,0.08239037539809942,0.040854138527065514
gemma,ms_marco,noise_1_character,4,0.08911711856722832,0.043501787493005394
gemma,ms_marco,noise_1_character,5,0.08309673458337784,0.04043512275442481
gemma,ms_marco,noise_1_character,6,0.07819961646571755,0.03943554682657122
gemma,ms_marco,noise_1_character,7,0.07778561169281602,0.03796302647329867
gemma,ms_marco,noise_1_character,8,0.07424994073808193,0.03723316987976432
gemma,ms_marco,noise_1_character,9,0.07311717215925455,0.037354479478672147
gemma,ms_marco,noise_1_character,10,0.06956518650986254,0.034308342076838014
gemma,ms_marco,noise_1_character,11,0.06949664518237114,0.03425785418599844
gemma,ms_marco,noise_1_character,12,0.0664336446300149,0.031068546483293175
gemma,ms_marco,noise_1_character,13,0.06642136253416538,0.03037991051096469
gemma,ms_marco,noise_1_character,14,0.0645120396092534,0.03002056136261672
gemma,ms_marco,noise_1_character,15,0.061987609080970285,0.027349668578244744
gemma,ms_marco,noise_1_character,16,0.06073858965188265,0.02449058776255697
gemma,ms_marco,noise_1_character,17,0.060694931596517565,0.025347720305435358
gemma,ms_marco,noise_1_character,18,0.0597754830121994,0.026836083526723085
gemma,ms_marco,noise_1_character,19,0.05678707536309958,0.02412155658006668
gemma,ms_marco,noise_1_character,20,0.05498975444585085,0.022622479530982672
gemma,ms_marco,noise_1_character,21,0.05324483769014478,0.021831313045695425
gemma,ms_marco,noise_1_character,22,0.05068698050454259,0.02013751915190369
gemma,ms_marco,noise_1_character,23,0.05050652699545026,0.019497647229582072
gemma,ms_marco,noise_1_character,24,0.048149325381964446,0.01812509397510439
gemma,ms_marco,noise_1_character,25,0.048504177555441855,0.018635429537389427
gemma,ms_marco,noise_1_character,26,0.049105217400938275,0.019000371918082237
gemma,ms_marco,noise_1_character,27,0.048461926728487016,0.018316449229605496
gemma,ms_marco,noise_1_character,28,0.049619646798819306,0.019554389296099543
gemma,ms_marco,noise_1_character,29,0.05171049755066633,0.02118942025117576
gemma,ms_marco,noise_1_character,30,0.051313168574124574,0.021183810892980545
gemma,ms_marco,noise_1_character,31,0.0526378783211112,0.022335077796597033
gemma,ms_marco,noise_1_character,32,0.05191254444420337,0.021669799205847086
gemma,ms_marco,noise_1_character,33,0.052064378000795844,0.02169077705591917
gemma,ms_marco,noise_1_character,34,0.052120070308446884,0.021308567132800816
gemma,ms_marco,noise_1_character,35,0.052030390743166205,0.02093911082483828
gemma,ms_marco,noise_1_character,36,0.052183521091938016,0.02074523241724819
gemma,ms_marco,noise_1_character,37,0.05181611869484186,0.020388573124073446
gemma,ms_marco,noise_1_character,38,0.05391626611351967,0.02145662791095674
gemma,ms_marco,noise_1_character,39,0.05373073870316148,0.02094210434239358
gemma,ms_marco,noise_1_character,40,0.05248463958501816,0.019968756726011633
gemma,ms_marco,noise_1_character,41,0.054046685490757224,0.020173250874504448
gemma,ms_marco,noise_1_character,42,0.07744912154972554,0.04070159667171538
gemma,ms_marco,noise_2_word_dropout,0,0.0702250798791647,0.044951736728784226
gemma,ms_marco,noise_2_word_dropout,1,0.06950856217183173,0.040915839904822636
gemma,ms_marco,noise_2_word_dropout,2,0.07278679304756225,0.04148952600583629
gemma,ms_marco,noise_2_word_dropout,3,0.06851729718968272,0.036255800890780406
gemma,ms_marco,noise_2_word_dropout,4,0.07078361430205404,0.03801551966076538
gemma,ms_marco,noise_2_word_dropout,5,0.06648579456843436,0.034488312193847806
gemma,ms_marco,noise_2_word_dropout,6,0.06476532679051161,0.033521404772926824
gemma,ms_marco,noise_2_word_dropout,7,0.0627437531389296,0.03205162425479052
gemma,ms_marco,noise_2_word_dropout,8,0.060797689268365505,0.030810275419919576
gemma,ms_marco,noise_2_word_dropout,9,0.060238450579345224,0.030611765592856593
gemma,ms_marco,noise_2_word_dropout,10,0.057840454494580626,0.02861142847806054
gemma,ms_marco,noise_2_word_dropout,11,0.057518903240561484,0.028098582100982056
gemma,ms_marco,noise_2_word_dropout,12,0.0550479847099632,0.025689356221769443
gemma,ms_marco,noise_2_word_dropout,13,0.0550818595290184,0.025370097488975497
gemma,ms_marco,noise_2_word_dropout,14,0.05329106826335192,0.023725055485649592
gemma,ms_marco,noise_2_word_dropout,15,0.051198867168277505,0.021679931928755423
gemma,ms_marco,noise_2_word_dropout,16,0.049494682420045136,0.01997755248021356
gemma,ms_marco,noise_2_word_dropout,17,0.04967300597578287,0.020346662751729153
gemma,ms_marco,noise_2_word_dropout,18,0.04891777295619249,0.020182437212351374
gemma,ms_marco,noise_2_word_dropout,19,0.047197820898145434,0.018430566052049555
gemma,ms_marco,noise_2_word_dropout,20,0.04596994057297707,0.017343570056745285
gemma,ms_marco,noise_2_word_dropout,21,0.045038383044302466,0.016617955314851933
gemma,ms_marco,noise_2_word_dropout,22,0.043272537235170605,0.015115165143931648
gemma,ms_marco,noise_2_word_dropout,23,0.04329004449769855,0.01492899438999899
gemma,ms_marco,noise_2_word_dropout,24,0.04165071487426758,0.013677119818328016
gemma,ms_marco,noise_2_word_dropout,25,0.04161946233361959,0.014160609143595976
gemma,ms_marco,noise_2_word_dropout,26,0.04153756411746144,0.014255064526660383
gemma,ms_marco,noise_2_word_dropout,27,0.041992335338145496,0.015133435477080485
gemma,ms_marco,noise_2_word_dropout,28,0.042786037353798746,0.01567493914482043
gemma,ms_marco,noise_2_word_dropout,29,0.04447380354627967,0.01730458683343942
gemma,ms_marco,noise_2_word_dropout,30,0.044633130840957165,0.017424087569670944
gemma,ms_marco,noise_2_word_dropout,31,0.04560006801038981,0.018219283693504805
gemma,ms_marco,noise_2_word_dropout,32,0.04504956042394042,0.017817088413891752
gemma,ms_marco,noise_2_word_dropout,33,0.04516944832168519,0.017883564698019116
gemma,ms_marco,noise_2_word_dropout,34,0.04554492000490427,0.018007020134604767
gemma,ms_marco,noise_2_word_dropout,35,0.04497358828783035,0.017451774753237254
gemma,ms_marco,noise_2_word_dropout,36,0.04476555498316884,0.017167531963912134
gemma,ms_marco,noise_2_word_dropout,37,0.04371996089816094,0.016278507352834738
gemma,ms_marco,noise_2_word_dropout,38,0.04421436119824648,0.016825096198843238
gemma,ms_marco,noise_2_word_dropout,39,0.044111020714044574,0.016454804526210686
gemma,ms_marco,noise_2_word_dropout,40,0.04274843964725733,0.015366193837467996
gemma,ms_marco,noise_2_word_dropout,41,0.04331466795876622,0.015591391283796607
gemma,ms_marco,noise_2_word_dropout,42,0.06332066114991904,0.03236037932257973
gemma,ms_marco,noise_3_token_shuffle,0,0.020203405506908894,0.012653187803131906
gemma,ms_marco,noise_3_token_shuffle,1,0.021779107861220837,0.012205992061357094
gemma,ms_marco,noise_3_token_shuffle,2,0.022533691488206387,0.011944909025210827
gemma,ms_marco,noise_3_token_shuffle,3,0.022193078026175497,0.010702437421993522
gemma,ms_marco,noise_3_token_shuffle,4,0.024155425764620306,0.011115931872302625
gemma,ms_marco,noise_3_token_shuffle,5,0.023818426541984083,0.01013908426834142
gemma,ms_marco,noise_3_token_shuffle,6,0.02343196138739586,0.009681848646588378
gemma,ms_marco,noise_3_token_shuffle,7,0.024276916719973087,0.009334101788745093
gemma,ms_marco,noise_3_token_shuffle,8,0.023896431475877764,0.009085953946697423
gemma,ms_marco,noise_3_token_shuffle,9,0.024438065998256205,0.00915103023981672
gemma,ms_marco,noise_3_token_shuffle,10,0.023328699618577958,0.008255839666506795
gemma,ms_marco,noise_3_token_shuffle,11,0.023879276514053346,0.00837115246450054
gemma,ms_marco,noise_3_token_shuffle,12,0.023274760916829108,0.007797312628106959
gemma,ms_marco,noise_3_token_shuffle,13,0.0237092886865139,0.007895310801379018
gemma,ms_marco,noise_3_token_shuffle,14,0.023215267471969128,0.007571468396324832
gemma,ms_marco,noise_3_token_shuffle,15,0.022601820565760135,0.006935092761604072
gemma,ms_marco,noise_3_token_shuffle,16,0.022184348329901696,0.006441599160618106
gemma,ms_marco,noise_3_token_shuffle,17,0.02329219438135624,0.006968301485040556
gemma,ms_marco,noise_3_token_shuffle,18,0.02299531940370798,0.006954785796087464
gemma,ms_marco,noise_3_token_shuffle,19,0.022440926805138588,0.006380085297566289
gemma,ms_marco,noise_3_token_shuffle,20,0.021555951833724975,0.005836809272744468
gemma,ms_marco,noise_3_token_shuffle,21,0.021220072619616986,0.005728530258988514
gemma,ms_marco,noise_3_token_shuffle,22,0.020070622451603414,0.005106674197771301
gemma,ms_marco,noise_3_token_shuffle,23,0.01983057091012597,0.004884723213384384
gemma,ms_marco,noise_3_token_shuffle,24,0.018889013025909663,0.0045177076375555285
gemma,ms_marco,noise_3_token_shuffle,25,0.018422519098967315,0.004357419488993913
gemma,ms_marco,noise_3_token_shuffle,26,0.01812443260103464,0.004184430392541323
gemma,ms_marco,noise_3_token_shuffle,27,0.017932200394570826,0.004149147236467969
gemma,ms_marco,noise_3_token_shuffle,28,0.017626836895942688,0.004161871296376951
gemma,ms_marco,noise_3_token_shuffle,29,0.018340645413845776,0.004613796944586888
gemma,ms_marco,noise_3_token_shuffle,30,0.017695264499634503,0.004380865619087899
gemma,ms_marco,noise_3_token_shuffle,31,0.018043024502694606,0.004644609453415996
gemma,ms_marco,noise_3_token_shuffle,32,0.017761464789509775,0.00452901742732994
gemma,ms_marco,noise_3_token_shuffle,33,0.017778499107807873,0.004577891783649086
gemma,ms_marco,noise_3_token_shuffle,34,0.017855444997549055,0.004590855331842079
gemma,ms_marco,noise_3_token_shuffle,35,0.017607552744448186,0.004443802601458344
gemma,ms_marco,noise_3_token_shuffle,36,0.017608020920306444,0.0045076296855222076
gemma,ms_marco,noise_3_token_shuffle,37,0.017242277339100838,0.004326893520399225
gemma,ms_marco,noise_3_token_shuffle,38,0.01744001666083932,0.004416642975688774
gemma,ms_marco,noise_3_token_shuffle,39,0.017436442822217943,0.004415747568507204
gemma,ms_marco,noise_3_token_shuffle,40,0.01704086607322097,0.004114673413183691
gemma,ms_marco,noise_3_token_shuffle,41,0.01742492660880089,0.004240299960864498
gemma,ms_marco,noise_3_token_shuffle,42,0.02576108068227768,0.008547865179967236
gemma,ms_marco,noise_4_semantic,0,0.0988439267128706,0.06256673879921436
gemma,ms_marco,noise_4_semantic,1,0.0981269436981529,0.05770404766313732
gemma,ms_marco,noise_4_semantic,2,0.10377755917608739,0.05979471717961132
gemma,ms_marco,noise_4_semantic,3,0.09930468831211328,0.05458066113293171
gemma,ms_marco,noise_4_semantic,4,0.10360386718064546,0.0577716766577214
gemma,ms_marco,noise_4_semantic,5,0.09762805484235287,0.052741109654307367
gemma,ms_marco,noise_4_semantic,6,0.09688191438093781,0.05298421159386635
gemma,ms_marco,noise_4_semantic,7,0.09783380227163434,0.052497923020273445
gemma,ms_marco,noise_4_semantic,8,0.09581576477736235,0.05127828114666045
gemma,ms_marco,noise_4_semantic,9,0.0965134034305811,0.05193814447149634
gemma,ms_marco,noise_4_semantic,10,0.09256305498071014,0.04880293888039887
gemma,ms_marco,noise_4_semantic,11,0.09277647823095321,0.049028887702152135
gemma,ms_marco,noise_4_semantic,12,0.08900118984282017,0.04592861118726432
gemma,ms_marco,noise_4_semantic,13,0.08884420923888683,0.04569893402978778
gemma,ms_marco,noise_4_semantic,14,0.08625102210789919,0.04323586878366768
gemma,ms_marco,noise_4_semantic,15,0.08271155420690775,0.0400470760744065
gemma,ms_marco,noise_4_semantic,16,0.080736238732934,0.037648142175748946
gemma,ms_marco,noise_4_semantic,17,0.08032131895422935,0.03713693642988801
gemma,ms_marco,noise_4_semantic,18,0.08012951496988535,0.03750306422822178
gemma,ms_marco,noise_4_semantic,19,0.07705888245254755,0.034762296006083486
gemma,ms_marco,noise_4_semantic,20,0.0748158822953701,0.03278818341903388
gemma,ms_marco,noise_4_semantic,21,0.0721275569871068,0.03052788631990552
gemma,ms_marco,noise_4_semantic,22,0.06929212903603911,0.028029998848214745
gemma,ms_marco,noise_4_semantic,23,0.07003361638635397,0.028917704680934547
gemma,ms_marco,noise_4_semantic,24,0.06593516204506158,0.025206321272999047
gemma,ms_marco,noise_4_semantic,25,0.06696635488420725,0.02544582586735487
gemma,ms_marco,noise_4_semantic,26,0.06805129626765848,0.02600836372002959
gemma,ms_marco,noise_4_semantic,27,0.06955763097852469,0.026456172484904526
gemma,ms_marco,noise_4_semantic,28,0.07093132607638836,0.027644529519602657
gemma,ms_marco,noise_4_semantic,29,0.07354880372062325,0.029572866205126048
gemma,ms_marco,noise_4_semantic,30,0.07315771423280239,0.029093983713537455
gemma,ms_marco,noise_4_semantic,31,0.0744555010087788,0.03032504010014236
gemma,ms_marco,noise_4_semantic,32,0.07333771912381053,0.02892493434250355
gemma,ms_marco,noise_4_semantic,33,0.07317197954282165,0.02879234912805259
gemma,ms_marco,noise_4_semantic,34,0.07338022612035275,0.02909654258750379
gemma,ms_marco,noise_4_semantic,35,0.0723104251921177,0.028073088843375445
gemma,ms_marco,noise_4_semantic,36,0.07186231214553118,0.02789429564960301
gemma,ms_marco,noise_4_semantic,37,0.0699954179301858,0.026408878611400722
gemma,ms_marco,noise_4_semantic,38,0.07110971178859472,0.027360688839107753
gemma,ms_marco,noise_4_semantic,39,0.07056557660922408,0.02724502608180046
gemma,ms_marco,noise_4_semantic,40,0.06782474145293235,0.025081672137603164
gemma,ms_marco,noise_4_semantic,41,0.06824971100315452,0.025616647349670528
gemma,ms_marco,noise_4_semantic,42,0.0998517831042409,0.05112468216568231
gemma,ms_marco,noise_5_adversarial,0,0.03168955683708191,0.02057795743457973
gemma,ms_marco,noise_5_adversarial,1,0.033418437805958094,0.01764687228016555
gemma,ms_marco,noise_5_adversarial,2,0.040577745363116265,0.01878560546785593
gemma,ms_marco,noise_5_adversarial,3,0.037020726641640064,0.016249284939840437
gemma,ms_marco,noise_5_adversarial,4,0.04062564707361162,0.01784488541074097
gemma,ms_marco,noise_5_adversarial,5,0.03731177392415702,0.01609990984201431
gemma,ms_marco,noise_5_adversarial,6,0.03656311508268118,0.016142093567177652
gemma,ms_marco,noise_5_adversarial,7,0.03768698306754231,0.016075740959495308
gemma,ms_marco,noise_5_adversarial,8,0.03564146228134632,0.0155264538154006
gemma,ms_marco,noise_5_adversarial,9,0.03556116716936231,0.015272070420905948
gemma,ms_marco,noise_5_adversarial,10,0.033892810195684436,0.014429736118763685
gemma,ms_marco,noise_5_adversarial,11,0.03383918773382902,0.014388199904933572
gemma,ms_marco,noise_5_adversarial,12,0.03232031106948852,0.012991765905171633
gemma,ms_marco,noise_5_adversarial,13,0.03239352662116289,0.012845377400517465
gemma,ms_marco,noise_5_adversarial,14,0.031167833264917136,0.01244651329703629
gemma,ms_marco,noise_5_adversarial,15,0.029923593513667582,0.011665314733982086
gemma,ms_marco,noise_5_adversarial,16,0.02922435449436307,0.010671502873301507
gemma,ms_marco,noise_5_adversarial,17,0.028527913093566896,0.010103456638753415
gemma,ms_marco,noise_5_adversarial,18,0.028490761145949364,0.010676933154463768
gemma,ms_marco,noise_5_adversarial,19,0.027128650695085525,0.00998862223699689
gemma,ms_marco,noise_5_adversarial,20,0.026222831178456543,0.00928194647654891
gemma,ms_marco,noise_5_adversarial,21,0.02535815691575408,0.00856325265020132
gemma,ms_marco,noise_5_adversarial,22,0.02411098424345255,0.00802668249234557
gemma,ms_marco,noise_5_adversarial,23,0.02455811757594347,0.00834273623302579
gemma,ms_marco,noise_5_adversarial,24,0.022609332632273434,0.00721369007602334
gemma,ms_marco,noise_5_adversarial,25,0.023481775857508182,0.0076109490636736155
gemma,ms_marco,noise_5_adversarial,26,0.0242801845446229,0.008196173533797264
gemma,ms_marco,noise_5_adversarial,27,0.02494219820946455,0.008107052072882653
gemma,ms_marco,noise_5_adversarial,28,0.025436095818877222,0.008720109146088362
gemma,ms_marco,noise_5_adversarial,29,0.026475259810686113,0.00929907132871449
gemma,ms_marco,noise_5_adversarial,30,0.026647381149232388,0.009476964799687267
gemma,ms_marco,noise_5_adversarial,31,0.027317470256239176,0.009654303872957825
gemma,ms_marco,noise_5_adversarial,32,0.027122830599546434,0.009425356788560747
gemma,ms_marco,noise_5_adversarial,33,0.027259200792759657,0.00931742480956018
gemma,ms_marco,noise_5_adversarial,34,0.02742850275710225,0.009386888276785611
gemma,ms_marco,noise_5_adversarial,35,0.02713128790259361,0.009039053404703736
gemma,ms_marco,noise_5_adversarial,36,0.026750626899302007,0.008760049110278487
gemma,ms_marco,noise_5_adversarial,37,0.026004627645015717,0.008130906131118536
gemma,ms_marco,noise_5_adversarial,38,0.026839289739727976,0.00863649562932551
gemma,ms_marco,noise_5_adversarial,39,0.026073410604149104,0.008258697083219886
gemma,ms_marco,noise_5_adversarial,40,0.025191635359078646,0.007512275269255042
gemma,ms_marco,noise_5_adversarial,41,0.025485190805047752,0.007629939671605825
gemma,ms_marco,noise_5_adversarial,42,0.0372921478189528,0.016298663783818484
gemma,qtsumm,noise_1_character,0,0.0,1.0058283805847169e-09
gemma,qtsumm,noise_1_character,1,0.0002416193194221705,3.141351044178009e-07
gemma,qtsumm,noise_1_character,2,0.00040640138555318115,8.50604847073555e-07
gemma,qtsumm,noise_1_character,3,0.0004894868237897753,1.2304354459047318e-06
gemma,qtsumm,noise_1_character,4,0.0006140699144452811,1.913467422127724e-06
gemma,qtsumm,noise_1_character,5,0.0006579941418021917,2.187378704547882e-06
gemma,qtsumm,noise_1_character,6,0.0006762858340516687,2.3022852838039398e-06
gemma,qtsumm,noise_1_character,7,0.0007293591462075711,2.6717688888311386e-06
gemma,qtsumm,noise_1_character,8,0.0007452215207740665,2.7792807668447495e-06
gemma,qtsumm,noise_1_character,9,0.0007946266187354922,3.1747762113809584e-06
gemma,qtsumm,noise_1_character,10,0.0007908237818628549,3.160852938890457e-06
gemma,qtsumm,noise_1_character,11,0.0008210905734449625,3.4173112362623214e-06
gemma,qtsumm,noise_1_character,12,0.000832255189307034,3.525242209434509e-06
gemma,qtsumm,noise_1_character,13,0.0008685320802032947,3.850404173135758e-06
gemma,qtsumm,noise_1_character,14,0.0008883447200059891,4.039015620946884e-06
gemma,qtsumm,noise_1_character,15,0.0009045583382248878,4.292745143175125e-06
gemma,qtsumm,noise_1_character,16,0.0009101113118231296,4.391362890601158e-06
gemma,qtsumm,noise_1_character,17,0.0009786558523774147,5.1525793969631195e-06
gemma,qtsumm,noise_1_character,18,0.0009817369747906924,5.3584296256303785e-06
gemma,qtsumm,noise_1_character,19,0.0009938741754740477,5.685435608029365e-06
gemma,qtsumm,noise_1_character,20,0.0010133537650108338,5.971090868115425e-06
gemma,qtsumm,noise_1_character,21,0.001072522345930338,7.08654522895813e-06
gemma,qtsumm,noise_1_character,22,0.0010349404904991387,6.924262270331383e-06
gemma,qtsumm,noise_1_character,23,0.0010416295193135738,7.059136405587196e-06
gemma,qtsumm,noise_1_character,24,0.0010204587131738662,6.5730419009923935e-06
gemma,qtsumm,noise_1_character,25,0.0010168051160871982,6.642630323767662e-06
gemma,qtsumm,noise_1_character,26,0.001053408095613122,7.637720555067063e-06
gemma,qtsumm,noise_1_character,27,0.001043522972613573,8.761277422308922e-06
gemma,qtsumm,noise_1_character,28,0.00102048197761178,8.514020591974259e-06
gemma,qtsumm,noise_1_character,29,0.0010566572844982148,9.516030550003052e-06
gemma,qtsumm,noise_1_character,30,0.0010429220460355282,9.626103565096856e-06
gemma,qtsumm,noise_1_character,31,0.0010741631872951984,1.0456172749400138e-05
gemma,qtsumm,noise_1_character,32,0.0010968495905399323,1.1979416012763976e-05
gemma,qtsumm,noise_1_character,33,0.001132423672825098,1.272132620215416e-05
gemma,qtsumm,noise_1_character,34,0.0011803013086318969,1.3909386470913887e-05
gemma,qtsumm,noise_1_character,35,0.0012078428361564876,1.5096571296453476e-05
gemma,qtsumm,noise_1_character,36,0.0012523539364337922,1.549593172967434e-05
gemma,qtsumm,noise_1_character,37,0.0012784182652831077,1.6026264056563377e-05
gemma,qtsumm,noise_1_character,38,0.001294244434684515,1.6795294359326364e-05
gemma,qtsumm,noise_1_character,39,0.0012930429913103581,1.478073187172413e-05
gemma,qtsumm,noise_1_character,40,0.0013052897714078426,1.4521218836307526e-05
gemma,qtsumm,noise_1_character,41,0.001300157392397523,1.3659931719303131e-05
gemma,qtsumm,noise_1_character,42,0.0017996805161237717,2.260340377688408e-05
gemma,qtsumm,noise_2_word_dropout,0,0.0,1.0058283805847169e-09
gemma,qtsumm,noise_2_word_dropout,1,0.0003262481885030866,4.4952146708965303e-07
gemma,qtsumm,noise_2_word_dropout,2,0.0005248103849589825,1.1483021080493927e-06
gemma,qtsumm,noise_2_word_dropout,3,0.000615074522793293,1.5937909483909606e-06
gemma,qtsumm,noise_2_word_dropout,4,0.0007643338106572628,2.4554599076509478e-06
gemma,qtsumm,noise_2_word_dropout,5,0.0008092769328504801,2.7419067919254302e-06
gemma,qtsumm,noise_2_word_dropout,6,0.0008317054808139801,2.8991606086492537e-06
gemma,qtsumm,noise_2_word_dropout,7,0.000893445834517479,3.336779773235321e-06
gemma,qtsumm,noise_2_word_dropout,8,0.0009104897361248732,3.454964607954025e-06
gemma,qtsumm,noise_2_word_dropout,9,0.0009588137734681367,3.841174766421318e-06
gemma,qtsumm,noise_2_word_dropout,10,0.0009406071994453669,3.7048570811748504e-06
gemma,qtsumm,noise_2_word_dropout,11,0.000977589599788189,4.011942073702812e-06
gemma,qtsumm,noise_2_word_dropout,12,0.0009942715801298618,4.166560247540474e-06
gemma,qtsumm,noise_2_word_dropout,13,0.0010422705486416817,4.593301564455033e-06
gemma,qtsumm,noise_2_word_dropout,14,0.0010722296871244908,4.856372252106666e-06
gemma,qtsumm,noise_2_word_dropout,15,0.0010796328820288181,4.973933100700379e-06
gemma,qtsumm,noise_2_word_dropout,16,0.0010831004939973355,5.019400268793106e-06
gemma,qtsumm,noise_2_word_dropout,17,0.0011551515944302083,5.759373307228088e-06
gemma,qtsumm,noise_2_word_dropout,18,0.0011440142802894115,5.667693912982941e-06
gemma,qtsumm,noise_2_word_dropout,19,0.0011529082246124745,5.920995026826858e-06
gemma,qtsumm,noise_2_word_dropout,20,0.0011738252267241478,6.1814393848180775e-06
gemma,qtsumm,noise_2_word_dropout,21,0.0012285431660711765,7.023345679044724e-06
gemma,qtsumm,noise_2_word_dropout,22,0.0011859891004860402,6.6138524562120435e-06
gemma,qtsumm,noise_2_word_dropout,23,0.0011966690048575402,6.903689354658127e-06
gemma,qtsumm,noise_2_word_dropout,24,0.0011801676638424395,6.717201322317123e-06
gemma,qtsumm,noise_2_word_dropout,25,0.0011946826428174972,7.0689618587493894e-06
gemma,qtsumm,noise_2_word_dropout,26,0.0012405483983457088,8.06865282356739e-06
gemma,qtsumm,noise_2_word_dropout,27,0.001235875729471445,8.645402267575264e-06
gemma,qtsumm,noise_2_word_dropout,28,0.0012139391526579857,8.510323241353034e-06
gemma,qtsumm,noise_2_word_dropout,29,0.00126245791092515,9.671961888670922e-06
gemma,qtsumm,noise_2_word_dropout,30,0.0012482238747179508,9.534107521176338e-06
gemma,qtsumm,noise_2_word_dropout,31,0.0012769058719277382,9.923400357365608e-06
gemma,qtsumm,noise_2_word_dropout,32,0.0012852597236633302,1.0582515969872474e-05
gemma,qtsumm,noise_2_word_dropout,33,0.0013209603168070317,1.124843955039978e-05
gemma,qtsumm,noise_2_word_dropout,34,0.0013663597032427788,1.2471135705709458e-05
gemma,qtsumm,noise_2_word_dropout,35,0.0013888483680784703,1.3584950938820839e-05
gemma,qtsumm,noise_2_word_dropout,36,0.0014432361721992493,1.41999963670969e-05
gemma,qtsumm,noise_2_word_dropout,37,0.001472608931362629,1.4734305441379547e-05
gemma,qtsumm,noise_2_word_dropout,38,0.001492556966841221,1.5064282342791557e-05
gemma,qtsumm,noise_2_word_dropout,39,0.0015064636804163456,1.377355307340622e-05
gemma,qtsumm,noise_2_word_dropout,40,0.0015343580022454263,1.3189641758799553e-05
gemma,qtsumm,noise_2_word_dropout,41,0.0015199758671224116,1.2406371533870697e-05
gemma,qtsumm,noise_2_word_dropout,42,0.0020820772275328635,2.582365646958351e-05
gemma,qtsumm,noise_3_token_shuffle,0,0.0,1.0058283805847169e-09
gemma,qtsumm,noise_3_token_shuffle,1,0.0,-1.860782504081726e-08
gemma,qtsumm,noise_3_token_shuffle,2,0.0,-1.576729118824005e-08
gemma,qtsumm,noise_3_token_shuffle,3,0.0,-1.979060471057892e-08
gemma,qtsumm,noise_3_token_shuffle,4,0.0,-1.9762665033340453e-08
gemma,qtsumm,noise_3_token_shuffle,5,0.0,-2.4372711777687074e-08
gemma,qtsumm,noise_3_token_shuffle,6,0.0,-3.0752271413803103e-08
gemma,qtsumm,noise_3_token_shuffle,7,0.0,-2.557411789894104e-08
gemma,qtsumm,noise_3_token_shuffle,8,0.0,-2.839602530002594e-08
gemma,qtsumm,noise_3_token_shuffle,9,0.0,-2.9746443033218385e-08
gemma,qtsumm,noise_3_token_shuffle,10,0.0,-3.090128302574158e-08
gemma,qtsumm,noise_3_token_shuffle,11,0.0,-2.964399755001068e-08
gemma,qtsumm,noise_3_token_shuffle,12,0.0,-2.705492079257965e-08
gemma,qtsumm,noise_3_token_shuffle,13,0.0,-3.057532012462616e-08
gemma,qtsumm,noise_3_token_shuffle,14,0.0,-3.2214447855949405e-08
gemma,qtsumm,noise_3_token_shuffle,15,0.0,-2.8405338525772095e-08
gemma,qtsumm,noise_3_token_shuffle,16,0.0,-3.761611878871918e-08
gemma,qtsumm,noise_3_token_shuffle,17,0.0,-3.3155083656311036e-08
gemma,qtsumm,noise_3_token_shuffle,18,0.0,-3.462657332420349e-08
gemma,qtsumm,noise_3_token_shuffle,19,0.0,-3.49339097738266e-08
gemma,qtsumm,noise_3_token_shuffle,20,0.0,-3.12458723783493e-08
gemma,qtsumm,noise_3_token_shuffle,21,0.0,-2.7688220143318177e-08
gemma,qtsumm,noise_3_token_shuffle,22,0.0,-3.0389055609703066e-08
gemma,qtsumm,noise_3_token_shuffle,23,0.0,-3.4226104617118835e-08
gemma,qtsumm,noise_3_token_shuffle,24,0.0,-2.8135254979133607e-08
gemma,qtsumm,noise_3_token_shuffle,25,0.0,-1.687556505203247e-08
gemma,qtsumm,noise_3_token_shuffle,26,0.0,-2.3990869522094728e-08
gemma,qtsumm,noise_3_token_shuffle,27,0.0,-2.4922192096710207e-08
gemma,qtsumm,noise_3_token_shuffle,28,0.0,-2.5294721126556397e-08
gemma,qtsumm,noise_3_token_shuffle,29,0.0,-3.0891969799995424e-08
gemma,qtsumm,noise_3_token_shuffle,30,0.0,-2.810731530189514e-08
gemma,qtsumm,noise_3_token_shuffle,31,0.0,-3.3704563975334165e-08
gemma,qtsumm,noise_3_token_shuffle,32,0.0,-2.8582289814949037e-08
gemma,qtsumm,noise_3_token_shuffle,33,0.0,-2.6170164346694948e-08
gemma,qtsumm,noise_3_token_shuffle,34,0.0,-2.9560178518295287e-08
gemma,qtsumm,noise_3_token_shuffle,35,0.0,-2.8423964977264404e-08
gemma,qtsumm,noise_3_token_shuffle,36,0.0,-2.9457733035087585e-08
gemma,qtsumm,noise_3_token_shuffle,37,0.0,-2.8749927878379823e-08
gemma,qtsumm,noise_3_token_shuffle,38,0.0,-2.7194619178771972e-08
gemma,qtsumm,noise_3_token_shuffle,39,0.0,-2.386048436164856e-08
gemma,qtsumm,noise_3_token_shuffle,40,0.0,-1.8076971173286438e-08
gemma,qtsumm,noise_3_token_shuffle,41,0.0,-1.873821020126343e-08
gemma,qtsumm,noise_3_token_shuffle,42,0.0,-1.516193151473999e-08
gemma,qtsumm,noise_4_semantic,0,0.0,1.0058283805847169e-09
gemma,qtsumm,noise_4_semantic,1,0.000243651409400627,3.1904317438602447e-07
gemma,qtsumm,noise_4_semantic,2,0.0004111403273418546,8.686631917953491e-07
gemma,qtsumm,noise_4_semantic,3,0.0004909791378304362,1.2395437806844712e-06
gemma,qtsumm,noise_4_semantic,4,0.0006160338409245015,1.9247177988290788e-06
gemma,qtsumm,noise_4_semantic,5,0.0006574069149792195,2.1858327090740204e-06
gemma,qtsumm,noise_4_semantic,6,0.0006756004923954606,2.297656610608101e-06
gemma,qtsumm,noise_4_semantic,7,0.0007275034673511982,2.655060961842537e-06
gemma,qtsumm,noise_4_semantic,8,0.0007418590178713203,2.7488358318805694e-06
gemma,qtsumm,noise_4_semantic,9,0.0007921365229412913,3.1459052115678786e-06
gemma,qtsumm,noise_4_semantic,10,0.0007873450126498938,3.133704885840416e-06
gemma,qtsumm,noise_4_semantic,11,0.0008189992513507605,3.400566056370735e-06
gemma,qtsumm,noise_4_semantic,12,0.000832192418165505,3.531239926815033e-06
gemma,qtsumm,noise_4_semantic,13,0.0008700071647763252,3.876816481351852e-06
gemma,qtsumm,noise_4_semantic,14,0.0008885576762259007,4.041474312543869e-06
gemma,qtsumm,noise_4_semantic,15,0.0009022891521453857,4.268055781722069e-06
gemma,qtsumm,noise_4_semantic,16,0.0009058403410017491,4.335204139351845e-06
gemma,qtsumm,noise_4_semantic,17,0.0009763815253973008,5.1304791122674946e-06
gemma,qtsumm,noise_4_semantic,18,0.0009712290484458208,5.257949233055115e-06
gemma,qtsumm,noise_4_semantic,19,0.000989134879782796,5.679856985807419e-06
gemma,qtsumm,noise_4_semantic,20,0.0010043651424348355,5.947314202785492e-06
gemma,qtsumm,noise_4_semantic,21,0.0010634977370500565,7.301736623048783e-06
gemma,qtsumm,noise_4_semantic,22,0.0010355717595666647,7.76810571551323e-06
gemma,qtsumm,noise_4_semantic,23,0.0010440624505281449,7.747458294034005e-06
gemma,qtsumm,noise_4_semantic,24,0.0010236717574298381,7.381485775113106e-06
gemma,qtsumm,noise_4_semantic,25,0.0010180475004017352,7.160836830735207e-06
gemma,qtsumm,noise_4_semantic,26,0.0010561816859990358,8.218400180339814e-06
gemma,qtsumm,noise_4_semantic,27,0.001052659209817648,9.391214698553085e-06
gemma,qtsumm,noise_4_semantic,28,0.0010284292325377464,8.99316743016243e-06
gemma,qtsumm,noise_4_semantic,29,0.001066762190312147,1.0058237239718438e-05
gemma,qtsumm,noise_4_semantic,30,0.0010559733957052231,1.0177325457334518e-05
gemma,qtsumm,noise_4_semantic,31,0.001091331373900175,1.1076359078288078e-05
gemma,qtsumm,noise_4_semantic,32,0.001108816135674715,1.2565469369292259e-05
gemma,qtsumm,noise_4_semantic,33,0.001141407024115324,1.3199206441640855e-05
gemma,qtsumm,noise_4_semantic,34,0.001191333904862404,1.440337859094143e-05
gemma,qtsumm,noise_4_semantic,35,0.0012134455610066652,1.5519345179200173e-05
gemma,qtsumm,noise_4_semantic,36,0.0012562796659767628,1.5816399827599525e-05
gemma,qtsumm,noise_4_semantic,37,0.0012799624539911747,1.637437380850315e-05
gemma,qtsumm,noise_4_semantic,38,0.0012965058349072934,1.71445868909359e-05
gemma,qtsumm,noise_4_semantic,39,0.0012889445573091506,1.4912933111190795e-05
gemma,qtsumm,noise_4_semantic,40,0.0013004801981151104,1.4614574611186982e-05
gemma,qtsumm,noise_4_semantic,41,0.0012901317421346902,1.359722577035427e-05
gemma,qtsumm,noise_4_semantic,42,0.0017835679277777672,2.2086622193455698e-05
gemma,qtsumm,noise_5_adversarial,0,0.0,1.0058283805847169e-09
gemma,qtsumm,noise_5_adversarial,1,0.00029405582579784096,3.8764439523220064e-07
gemma,qtsumm,noise_5_adversarial,2,0.0004927683854475618,1.0396726429462432e-06
gemma,qtsumm,noise_5_adversarial,3,0.0005916372453793884,1.4993548393249512e-06
gemma,qtsumm,noise_5_adversarial,4,0.0007417105790227652,2.329004928469658e-06
gemma,qtsumm,noise_5_adversarial,5,0.0007921668235212565,2.646464854478836e-06
gemma,qtsumm,noise_5_adversarial,6,0.0008145660208538174,2.788882702589035e-06
gemma,qtsumm,noise_5_adversarial,7,0.0008768866490572691,3.21974977850914e-06
gemma,qtsumm,noise_5_adversarial,8,0.0008954349486157298,3.3478811383247378e-06
gemma,qtsumm,noise_5_adversarial,9,0.0009537858841940761,3.8109626621007917e-06
gemma,qtsumm,noise_5_adversarial,10,0.0009476062189787627,3.7805456668138503e-06
gemma,qtsumm,noise_5_adversarial,11,0.0009850403014570474,4.097092896699906e-06
gemma,qtsumm,noise_5_adversarial,12,0.00100071941036731,4.248702898621559e-06
gemma,qtsumm,noise_5_adversarial,13,0.0010469427704811096,4.66885045170784e-06
gemma,qtsumm,noise_5_adversarial,14,0.001070043630897999,4.883203655481339e-06
gemma,qtsumm,noise_5_adversarial,15,0.0010879331454634667,5.159620195627213e-06
gemma,qtsumm,noise_5_adversarial,16,0.0010937060602009296,5.255471915006638e-06
gemma,qtsumm,noise_5_adversarial,17,0.0011744707077741624,6.152614951133728e-06
gemma,qtsumm,noise_5_adversarial,18,0.001169740119948983,6.2886811792850495e-06
gemma,qtsumm,noise_5_adversarial,19,0.0011858950834721326,6.6979043185710904e-06
gemma,qtsumm,noise_5_adversarial,20,0.0012062910385429858,7.001906633377075e-06
gemma,qtsumm,noise_5_adversarial,21,0.0012754202447831631,8.486369624733925e-06
gemma,qtsumm,noise_5_adversarial,22,0.0012367476429790258,8.822474628686904e-06
gemma,qtsumm,noise_5_adversarial,23,0.0012461004033684732,8.835457265377045e-06
gemma,qtsumm,noise_5_adversarial,24,0.0012195561081171035,8.416743949055672e-06
gemma,qtsumm,noise_5_adversarial,25,0.0012123116292059421,8.157193660736083e-06
gemma,qtsumm,noise_5_adversarial,26,0.0012537353206425906,9.24946740269661e-06
gemma,qtsumm,noise_5_adversarial,27,0.0012448530830442906,1.0355273261666297e-05
gemma,qtsumm,noise_5_adversarial,28,0.0012126877158880234,9.864848107099532e-06
gemma,qtsumm,noise_5_adversarial,29,0.0012561525218188763,1.0986272245645523e-05
gemma,qtsumm,noise_5_adversarial,30,0.0012406974658370018,1.107487827539444e-05
gemma,qtsumm,noise_5_adversarial,31,0.0012808054871857166,1.2027602642774583e-05
gemma,qtsumm,noise_5_adversarial,32,0.001301285456866026,1.3566296547651292e-05
gemma,qtsumm,noise_5_adversarial,33,0.0013411646522581578,1.4283303171396255e-05
gemma,qtsumm,noise_5_adversarial,34,0.001396783087402582,1.556119881570339e-05
gemma,qtsumm,noise_5_adversarial,35,0.0014251181203871965,1.675269566476345e-05
gemma,qtsumm,noise_5_adversarial,36,0.0014767851121723651,1.7150919884443283e-05
gemma,qtsumm,noise_5_adversarial,37,0.001508334781974554,1.780720427632332e-05
gemma,qtsumm,noise_5_adversarial,38,0.0015267681144177914,1.8588928505778312e-05
gemma,qtsumm,noise_5_adversarial,39,0.001524661872535944,1.6436073929071425e-05
gemma,qtsumm,noise_5_adversarial,40,0.0015411140583455564,1.618633046746254e-05
gemma,qtsumm,noise_5_adversarial,41,0.0015336197707802057,1.5368452295660973e-05
gemma,qtsumm,noise_5_adversarial,42,0.0021287142485380173,2.5577740743756294e-05
